id,title,category,collection_tag,frame_shape,price,stock_count,ar_asset_url
pKIJksZ,Blue Light Glasses,Eyeglasses,Fashion Nova,Square,174.24,100,https://cdn.trychannel3.com/17761657-d18a-4738-b7a1-c5da99232155?aid=01M11BRT3F8230HENY69FX2E82&mid=pP8q
ync0rx8,Edgiest In The Office Blue Light Glasses,Eyeglasses,Fashion Nova,Square,218.24,100,https://cdn.trychannel3.com/57851463-235c-4f78-9a62-8272c60c2e10?aid=01M11BRT3F8230HENY69FX2E82&mid=pP8q
R2o2OqJ,Rounded Geometric Sunglasses,Sunglasses,Aeropostale,Geometric,351.12,100,https://cdn.trychannel3.com/e1c95c9c-8849-4166-bb57-e8595c46574a?aid=01M11BVSGMQS64XQC9V0C65NV6&mid=SDz8
TEZKIrT,Raquella Rectangle Blue Light Glasses,Eyeglasses,Edikted,Rectangle,387.2,100,https://cdn.trychannel3.com/a7819a31-7b75-4b99-92b5-81d90fb5c31f?aid=01M11BRRBYDXKF9H1BDHPE7JWA&mid=hu0i
3Ww53eU,Retro Round Sunglasses,Sunglasses,Edikted,Round,387.2,100,https://cdn.trychannel3.com/90c3e8c3-f3a8-4785-b5bc-fbbc0101c9d2?aid=01M11BTZA1GK1ZGZSDSXHYR3B5&mid=hu0i
R9SnpPS,Aviator Sunglasses,Sunglasses,Fashion Nova,Aviator,395.12,100,https://cdn.trychannel3.com/cc80155f-0e71-4d5b-8781-296e53712aad?aid=01M11BTTQ6AGW69JN363BEYD9X&mid=pP8q
n6VwR5Z,Keep At It Blue Light Glasses,Eyeglasses,Fashion Nova,Cat Eye,395.12,100,https://cdn.trychannel3.com/1cba3413-8945-4905-8775-0e6a1300f5b5?aid=01M11BRRBYDXKF9H1BDHPE7JWA&mid=pP8q
YKzNlnB,Oversized Round Sunglasses,Sunglasses,Maurices,Round,435.6,100,https://cdn.trychannel3.com/cfad1fed-1055-419e-95a6-b6e545dd9ec9?aid=01M11BVZFQ8CDJ55YMJQPG8PQN&mid=mAHj
xphoj8y,Blue Light Glasses,Eyeglasses,Windsor,Cat Eye,437.36,100,https://cdn.trychannel3.com/dc58e315-42ec-498c-9a26-1344abb0f760?aid=01M11BRRBYDXKF9H1BDHPE7JWA&mid=pArS
CA0xXlr,Oversized Blue Light Glasses,Eyeglasses,Windsor,Rectangle,437.36,100,https://cdn.trychannel3.com/42e67eb6-9e8f-42a5-b055-1872c186ed93?aid=01M11BRRBYDXKF9H1BDHPE7JWA&mid=pArS
1a3hkoW,Aviator Sunglasses,Sunglasses,Shady Rays,Aviator,437.36,100,https://cdn.trychannel3.com/954a0295-d98f-414b-b4ed-886f9c634db1?aid=01M11BTR6RNDHH7SH1QV2DWF7Y&mid=FP7n
QppmASj,Rectangle Sunglasses,Sunglasses,Empyre,Rectangle,439.12,100,https://cdn.trychannel3.com/79690ad4-99e0-48e8-be34-80544d40ae56?aid=01M11BV8M566P5VH2FK9329FKG&mid=Kddv
tVfYite,Rectangle Sunglasses,Sunglasses,cotton On,Rectangle,440.0,100,https://cdn.trychannel3.com/ebb609dc-552a-459d-9430-2e4617f5b867?aid=01M11BV6T7W6NWG5K6JS2H0NRR&mid=hQYc
OTSa5Xb,Blue light glasses,Eyeglasses,H&M,Oval,527.12,100,https://cdn.trychannel3.com/43b44abf-ce1b-498f-bbff-c4f39d241bfa?aid=01M11BRRBYDXKF9H1BDHPE7JWA&mid=UqdU
9P0CVzr,Rimless Frame Geometric Sunglasses,Sunglasses,Fashion Nova,Aviator,527.12,100,https://cdn.trychannel3.com/4f78f049-5359-4564-941c-0981dc678536?aid=01M11BVV4QWMAZWM9957CHTH1J&mid=pP8q
YmEC3dB,Runaway Baby Oval Sunglasses Black,Sunglasses,Princess Polly,Oval,528.0,100,https://cdn.trychannel3.com/d5f209f2-1f72-49f3-97ce-801c2af5e36f?aid=01M11BVDG61533RD7HP9ZHZG57&mid=cAkm
HUSzov9,Geometric Sunglasses,Sunglasses,ZEELOOL,Geometric,528.0,100,https://cdn.trychannel3.com/ede4a401-dd5d-4477-825f-caeeed6e353b?aid=01M11BVV4QWMAZWM9957CHTH1J&mid=aeSD
gCxdetz,Amber Driver Day and Night Vision Sports Glasses,Sunglasses,Express,Other,552.64,100,https://cdn.trychannel3.com/03195551-5fe8-4630-9bda-e14a68243650?aid=01M11BRX3HPQR248BM1AHJ3TTA&mid=BsaX
aBx1Qgq,Meghanne Rectangle Sunglasses,Sunglasses,Edikted,Rectangle,580.8,100,https://cdn.trychannel3.com/e24c0899-1014-46eb-901c-0427e130c01f?aid=01M11BV8M566P5VH2FK9329FKG&mid=hu0i
pTR7i7j,Square Glasses,Eyeglasses,Zenni,Cat Eye,611.6,100,https://cdn.trychannel3.com/88c11679-c12e-400f-b929-84df2c40a4b0?aid=01M11BTFMDTHE5ART8Q4HAS3N7&mid=ZYiL
mZmonCG,Square Glasses,Eyeglasses,Zenni,Square,611.6,100,https://cdn.trychannel3.com/cf8b0118-63d2-4c72-8e35-acd629a03a36?aid=01M11BTH9AJFHQXNJYCAZJEHK2&mid=ZYiL
CZv997L,Square Glasses,Eyeglasses,Zenni,Square,611.6,100,https://cdn.trychannel3.com/9fd67112-64a6-40fb-acfe-11a86154ff3b?aid=01M11BTH9AJFHQXNJYCAZJEHK2&mid=ZYiL
tuK65DO,Square Sunglasses,Sunglasses,Fashion Nova,Square,615.12,100,https://cdn.trychannel3.com/448f1130-cd54-4959-8f4c-b2be3fa2b398?aid=01M11BV3TN1ARSW7EQ1YQYA71F&mid=pP8q
3B9AX4p,Cyrus Long Rectangle Glasses,Eyeglasses,ZEELOOL,Rectangle,616.0,100,https://cdn.trychannel3.com/01719796-e5b4-47e3-b975-45ce4d42f823?aid=01M11BSSZEACWDNDBJABSYNJR1&mid=aeSD
kqo72y2,Cat Eye Sunglasses,Sunglasses,H&M,Cat Eye,660.0,100,https://cdn.trychannel3.com/612e3e0c-0fb3-473e-a5b8-9708621ccb63?aid=01M11BVJ1PFMQMD5V55VXX9ADS&mid=UqdU
Lj4YzV8,Cat-Eye Sunglasses,Sunglasses,Zenni,Cat Eye,703.12,100,https://cdn.trychannel3.com/412223a9-2cb7-4941-9e10-882539d83218?aid=01M11BVJ1PFMQMD5V55VXX9ADS&mid=ZYiL
CU1Dkuz,Aviator Sunglasses,Sunglasses,T.J. Maxx,Aviator,704.0,100,https://cdn.trychannel3.com/445e79cf-b31a-401a-92dc-7ed577cd8a98?aid=01M11BTR6RNDHH7SH1QV2DWF7Y&mid=ndZg
bTufObm,Aviator Sunglasses,Sunglasses,Marshall's,Aviator,704.0,100,https://cdn.trychannel3.com/7cfe2aab-b4f4-4546-aace-bdc7a32c281d?aid=01M11BTTQ6AGW69JN363BEYD9X&mid=jRDL
9I0DYgi,Aviator Sunglasses,Sunglasses,Marshall's,Aviator,704.0,100,https://cdn.trychannel3.com/5fcb24b1-6ebe-40d4-97f7-2eeec63d03bf?aid=01M11BTTQ6AGW69JN363BEYD9X&mid=jRDL
TRnvVsJ,Round Sunglasses,Sunglasses,Marshall's,Round,704.0,100,https://cdn.trychannel3.com/e6beb76e-4131-47dc-97e2-bc76097ff904?aid=01M11BTXJZMJ73J0P0AAPEMPY7&mid=jRDL
f9E0lKU,Reading Glasses,Eyeglasses,Foster Grant,Other,704.0,100,https://cdn.trychannel3.com/336f5b61-62d3-4d04-9eb8-4941100a98d5?aid=01M11BRKMDZHBXR0QE8DNCQVRN&mid=AYbp
0OpqWvh,Rectangle Sunglasses T0152,Sunglasses,Zenni,Rectangle,748.0,100,https://cdn.trychannel3.com/6eb86007-2d1e-4f19-8a97-356c83006a59?aid=01M11BV8M566P5VH2FK9329FKG&mid=ZYiL
LnBQ3Ck,Tamara Reading Glasses,Vision Care,Vera Bradley,Other,765.6,100,https://cdn.trychannel3.com/b13bcb2f-9a6a-4fbb-8ccb-e69ffee2fec0?aid=01M11BRKMDZHBXR0QE8DNCQVRN&mid=A6mW
vQhcgna,Outlet Gemma Reading Glasses,Eyeglasses,Vera Bradley,Cat Eye,765.6,100,https://cdn.trychannel3.com/8a2850f0-027c-4af2-8159-ba589e90d409?aid=01M11BRKMDZHBXR0QE8DNCQVRN&mid=A6mW
afm7FFk,Tamara Reading Glasses,Vision Care,Vera Bradley,Cat Eye,765.6,100,https://cdn.trychannel3.com/556adec4-a877-411f-b902-d41a2dde5f58?aid=01M11BRKMDZHBXR0QE8DNCQVRN&mid=A6mW
GuQjZTj,Janu Square Sunglasses,Sunglasses,Edikted,Square,774.4,100,https://cdn.trychannel3.com/0e77878e-7831-4315-81ca-a75510e2a7cb?aid=01M11BV20P1TCNEDBEBP1371S8&mid=hu0i
osK1zEI,Oversized Square Sunglasses,Sunglasses,Vera Wang,Square,792.0,100,https://cdn.trychannel3.com/0e6fb1f4-9ded-4103-b55a-448c261b7e4b?aid=01M11BTKZCV6DDXSBTPB833W5S&mid=Z87s
Rs4t0iA,Warren Square Full Rim Eyeglasses,Eyeglasses,EyeBuyDirect,Square,792.0,100,https://cdn.trychannel3.com/c958a6eb-c678-4228-af36-e751f3826a60?aid=01M11BT39NDDG1K2VYKQ94AK5Q&mid=FDzv
kDfXdJB,Dinah Round Matte Glasses,Eyeglasses,EyeBuyDirect,Other,792.0,100,https://cdn.trychannel3.com/6bd9eb28-db77-4b0d-9e8f-710b1cd7ce37?aid=01M11BTAWRHDCSZDATXF080N6Q&mid=FDzv
OyxTcTZ,Wayfarer Sunglasses,Sunglasses,TEN,Wayfarer,843.92,100,https://cdn.trychannel3.com/1ae4e3a2-6e23-4404-997f-3420f0055796?aid=01M11BVN0YM0AY1022DYMQ4AVA&mid=DEoc
23Sxbm1,Square Glasses,Eyeglasses,Zenni,Aviator,875.6,100,https://cdn.trychannel3.com/37420d1e-d826-41ca-bca3-ff728c787332?aid=01M11BTFMDTHE5ART8Q4HAS3N7&mid=ZYiL
xPa4Oti,Ari Square Sunglasses,Sunglasses,Urban Outfitters,Square,879.12,100,https://cdn.trychannel3.com/654ad92b-912b-4ddc-8990-28081ebdf2ac?aid=01M11BV20P1TCNEDBEBP1371S8&mid=QetO
54wYVw3,Round Sunglasses,Sunglasses,Marshall's,Round,879.12,100,https://cdn.trychannel3.com/ff1980ed-d0bc-4b3b-86fe-7b68030a47c4?aid=01M11BTXJZMJ73J0P0AAPEMPY7&mid=jRDL
MpVzIb2,Square Sunglasses,Sunglasses,Ashley Stewart,Square,879.12,100,https://cdn.trychannel3.com/daea6eb6-758b-4c61-8943-d9c572316170?aid=01M11BV20P1TCNEDBEBP1371S8&mid=7u3F
8v2NVJ0,Aviator Sunglasses,Sunglasses,T.J. Maxx,Aviator,879.12,100,https://cdn.trychannel3.com/a47171b7-5653-4135-ade2-6c890f9514a3?aid=01M11BTR6RNDHH7SH1QV2DWF7Y&mid=ndZg
n5yHuLd,Reef Rectangle Sunglasses,Sunglasses,REEF,Rectangle,879.12,100,https://cdn.trychannel3.com/7cff149d-b0f2-4c4f-b83b-da01e6633495?aid=01M11BV8M566P5VH2FK9329FKG&mid=QetO
gbN1fMt,Overlook Glass Sport Sunglasses,Sunglasses,Radians,Other,914.32,100,https://cdn.trychannel3.com/eec6e3c9-171b-4d02-b07a-4975a5d3d6cd?aid=01M11BRYZDM7972JP72S04KP5N&mid=DEoc
ymwjJa3,Reading Glasses,Eyeglasses,Diff Eyewear,Other,921.36,100,https://cdn.trychannel3.com/76ef397a-09fe-44aa-80a3-bf834f50930d?aid=01M11BRN7XSRA9X23ETG75Q3Q5&mid=cvfe
d9qNWAK,Geometric Sunglasses,Sunglasses,Zenni,Aviator,967.12,100,https://cdn.trychannel3.com/1ed5898c-cb52-45fc-a724-e85783fcbebd?aid=01M11BVV4QWMAZWM9957CHTH1J&mid=ZYiL
mhOTlnD,Square Sunglasses,Sunglasses,Edikted,Square,968.0,100,https://cdn.trychannel3.com/d33f044d-380f-4a61-98b3-205076749212?aid=01M11BSYQCHVKQYA2XNYMD9MW3&mid=hu0i
2Anhg5O,Keeley Rectangle Sunglasses,Sunglasses,Edikted,Rectangle,968.0,100,https://cdn.trychannel3.com/86247b64-4d3b-4e2a-bfb7-ff4d164f0a30?aid=01M11BV8M566P5VH2FK9329FKG&mid=hu0i
QxYt7ib,Rosalie Oval Sunglasses,Sunglasses,Edikted,Oval,968.0,100,https://cdn.trychannel3.com/1b12e0d5-5418-4ea5-98c9-5052b85de94d?aid=01M11BSYQCHVKQYA2XNYMD9MW3&mid=hu0i
hYMksXJ,Reading Glasses,Eyeglasses,Foster Grant,Cat Eye,968.0,100,https://cdn.trychannel3.com/3c2ae18e-94c5-4532-ac01-db0fd9276449?aid=01M11BRKMDZHBXR0QE8DNCQVRN&mid=AYbp
kwTDKaA,Cat-Eye Sunglasses,Sunglasses,Zenni,Cat Eye,1012.0,100,https://cdn.trychannel3.com/deeaeefb-f626-41dc-b032-7a8bb454deaa?aid=01M11BVJ1PFMQMD5V55VXX9ADS&mid=ZYiL
T7NfPna,Cat-Eye Sunglasses,Sunglasses,Zenni,Cat Eye,1012.0,100,https://cdn.trychannel3.com/e7b33105-aed4-4a7b-95e4-1d7b9cab1118?aid=01M11BVJ1PFMQMD5V55VXX9ADS&mid=ZYiL
yK0cKNg,Blue Light Glasses,Eyeglasses,Windsor,Square,1047.2,100,https://cdn.trychannel3.com/01e9fb98-7764-480e-aa94-a5799b96d215?aid=01M11BRRBYDXKF9H1BDHPE7JWA&mid=pArS
Wc9CQMx,Tyler Rectangle Sunglasses,Sunglasses,Urban Outfitters,Rectangle,1056.0,100,https://cdn.trychannel3.com/e4e0f5fc-d5fb-409e-b2d4-cc315b9aaf9c?aid=01M11BV6T7W6NWG5K6JS2H0NRR&mid=QetO
Kc1O9sN,Rectangle Sunglasses,Sunglasses,PacSun,Rectangle,1056.0,100,https://cdn.trychannel3.com/7d576f36-8a82-4a8f-82ce-8e4975bc2dcb?aid=01M11BV6T7W6NWG5K6JS2H0NRR&mid=imYE
o6FFCaK,Modern Reading Glasses,Eyeglasses,Loft,Other,1056.0,100,https://cdn.trychannel3.com/65ec1f29-b7f8-440d-94fb-0f16de81393f?aid=01M11BRN7XSRA9X23ETG75Q3Q5&mid=hirf
8gYb26M,Timely Blue Light Glasses Black,Eyeglasses,Princess Polly,Other,1056.0,100,https://cdn.trychannel3.com/aaa580ea-22e3-4b82-9042-9271b8c179e7?aid=01M11BRT3F8230HENY69FX2E82&mid=cAkm
7YCnqGl,Aviator Sunglasses,Sunglasses,Buffalo by David Bitton,Aviator,1126.4,100,https://cdn.trychannel3.com/951834a7-6bfd-4e94-bcf9-8225d260f953?aid=01M11BSD61BRR0ZZNK6QTF02DN&mid=5Moe
Gm8pF8n,Cat-Eye Sunglasses,Sunglasses,Lulus,Cat Eye,1126.4,100,https://cdn.trychannel3.com/b86ef29b-4145-4cb5-a9ea-e562cfc9b020?aid=01M11BVJ1PFMQMD5V55VXX9ADS&mid=i21f
nH541jG,Square Sunglasses,Sunglasses,Buffalo by David Bitton,Square,1126.4,100,https://cdn.trychannel3.com/d704b325-0536-4e18-9e73-3670f43a97b9?aid=01M11BV20P1TCNEDBEBP1371S8&mid=5Moe
DZyLEmk,Classic Aviator Sunglasses,Sunglasses,Buffalo by David Bitton,Aviator,1126.4,100,https://cdn.trychannel3.com/ac9a5f89-4ad3-4231-9215-a0b562e80d1f?aid=01M11BSB0Y5XBPX12GTTXWK0AR&mid=5Moe
vIvV00w,Square Glasses,Eyeglasses,Zenni,Square,1139.6,100,https://cdn.trychannel3.com/897376d3-4a54-4884-8883-82e18e76b571?aid=01M11BTH9AJFHQXNJYCAZJEHK2&mid=ZYiL
0tUN36N,Square Glasses,Eyeglasses,Zenni,Square,1139.6,100,https://cdn.trychannel3.com/58a7318d-c8f1-48ab-b344-273d59629bb4?aid=01M11BTFMDTHE5ART8Q4HAS3N7&mid=ZYiL
KIciocn,Cat Eye Sunglasses,Sunglasses,Hurley,Cat Eye,1143.12,100,https://cdn.trychannel3.com/d60beece-66dd-4f88-ab52-efd0196b59c4?aid=01M11BVGEGJNJM37HW7CH6YRYP&mid=ndZg
3wWfFlO,Oval Sunglasses,Sunglasses,H&M,Oval,1143.12,100,https://cdn.trychannel3.com/c025cafd-34cf-4ff4-a812-baa106090400?aid=01M11BVDG61533RD7HP9ZHZG57&mid=UqdU
nRipF2k,Cat Eye Sunglasses,Sunglasses,RSQ,Cat Eye,1143.12,100,https://cdn.trychannel3.com/46453cb8-c48b-4363-b3d1-56471e2387a8?aid=01M11BVJ1PFMQMD5V55VXX9ADS&mid=2h1y
g4d9FBK,Round Sunglasses,Sunglasses,Edikted,Round,1144.0,100,https://cdn.trychannel3.com/45f63157-ad71-4465-9125-30c109429a65?aid=01M11BTXJZMJ73J0P0AAPEMPY7&mid=hu0i
sJhKF3p,Rectangle Sunglasses,Sunglasses,Edikted,Rectangle,1161.6,100,https://cdn.trychannel3.com/65cf8bc7-462c-44c3-b216-854e9cd71ba6?aid=01M11BV6T7W6NWG5K6JS2H0NRR&mid=hu0i
YgWTHl1,Cat-Eye Sunglasses,Sunglasses,Zenni,Cat Eye,1188.0,100,https://cdn.trychannel3.com/544c692a-168f-4b1f-997b-121a4256299a?aid=01M11BVJ1PFMQMD5V55VXX9ADS&mid=ZYiL
cWkC1xB,Oval Sunglasses,Sunglasses,Zenni,Oval,1188.0,100,https://cdn.trychannel3.com/04ff0030-aa33-423d-9cf4-dd24d4cb1aab?aid=01M11BVDG61533RD7HP9ZHZG57&mid=ZYiL
fJQEkzQ,Rectangle Sunglasses,Sunglasses,PacSun,Rectangle,1231.12,100,https://cdn.trychannel3.com/a318edf4-8f03-4d5c-9354-a5e7c8f900a7?aid=01M11BV8M566P5VH2FK9329FKG&mid=imYE
U3sSo5z,Cat-Eye Sunglasses,Sunglasses,Zenni,Cat Eye,1231.12,100,https://cdn.trychannel3.com/4db5725a-0b35-4b43-b085-e867ca8b2e71?aid=01M11BVJ1PFMQMD5V55VXX9ADS&mid=ZYiL
yrrVZ3P,Geometric Sunglasses,Sunglasses,Zenni,Geometric,1231.12,100,https://cdn.trychannel3.com/1f6408fb-0aee-4dc5-a1dd-43d3f7e13004?aid=01M11BVV4QWMAZWM9957CHTH1J&mid=ZYiL
fAWV2c2,Brown Tortoiseshell Glasses - Blue Light Glasses - Clear Glasses - Lulus,Eyeglasses,LULU'S FASHION LOUNGE,Rectangle,1232.0,100,https://cdn.trychannel3.com/ab991925-5ee7-4455-a6fc-1a7c113c89c2?aid=01M11BRT3F8230HENY69FX2E82&mid=i21f
PKXlTuU,Joney Round Sunglasses,Sunglasses,Edikted,Round,1232.0,100,https://cdn.trychannel3.com/1e63d902-7368-49a6-8d28-3363d54cca93?aid=01M11BTZA1GK1ZGZSDSXHYR3B5&mid=hu0i
Ia20pWE,Square Glasses,Eyeglasses,Zenni,Square,1315.6,100,https://cdn.trychannel3.com/eba44491-c97e-4a86-906f-e390d8d53fcc?aid=01M11BTH9AJFHQXNJYCAZJEHK2&mid=ZYiL
T3iEwzU,Rectangle Glasses,Eyeglasses,Zenni,Aviator,1315.6,100,https://cdn.trychannel3.com/249d41b4-d822-49cd-80c3-95f80af1bce6?aid=01M11BSSZEACWDNDBJABSYNJR1&mid=ZYiL
xF3cWr3,Round Blue Light Glasses,Eyeglasses,Zumiez,Round,1315.6,100,https://cdn.trychannel3.com/c7968ee4-3d41-4912-bd92-856a42e8b51f?aid=01M11BRRBYDXKF9H1BDHPE7JWA&mid=Kddv
KubezyV,Foster Grant Women's Oversized Fashion Sunglasses,Sunglasses,Foster Grant,Square,1317.36,100,https://cdn.trychannel3.com/0fe1b5ce-b28f-4735-bf18-d6812f1b38f7?aid=01M11BTKZCV6DDXSBTPB833W5S&mid=BsaX
GgaokBG,Aviator Sunglasses,Sunglasses,True Nation,Aviator,1318.24,100,https://cdn.trychannel3.com/fc3a1ec8-1005-4df8-b95b-0f837aefabd4?aid=01M11BTR6RNDHH7SH1QV2DWF7Y&mid=jVIN
a0dKtfl,Cat Eye Sunglasses,Sunglasses,H&M,Cat Eye,1319.12,100,https://cdn.trychannel3.com/ece90aa4-3552-48a3-83e6-97c7f91d0327?aid=01M11BVJ1PFMQMD5V55VXX9ADS&mid=UqdU
1jW6p8K,Oversized Square Sunglasses,Sunglasses,Maurices,Square,1319.12,100,https://cdn.trychannel3.com/abaa04e8-7b2b-4610-9212-c1d8060beb23?aid=01M11BVZFQ8CDJ55YMJQPG8PQN&mid=mAHj
X7Tdwmj,Green Plastic Round Sunglasses,Sunglasses,Maurices,Round,1319.12,100,https://cdn.trychannel3.com/c940e0fa-a05a-4516-8187-b3494a7ccff5?aid=01M11BTZA1GK1ZGZSDSXHYR3B5&mid=mAHj
AdsVNgx,Narrow Rectangle Sunglasses,Sunglasses,Maurices,Rectangle,1319.12,100,https://cdn.trychannel3.com/38b079da-3636-40aa-b5de-9fe00044f415?aid=01M11BV8M566P5VH2FK9329FKG&mid=mAHj
npEFezE,Oversized Square Sunglasses,Sunglasses,Maurices,Square,1319.12,100,https://cdn.trychannel3.com/f097cc80-a2a3-4a37-a67a-f5c789237d4c?aid=01M11BTNCGRD82TPBV5JXEJV7E&mid=mAHj
Arlfc6J,Clearly Wild Blue Light Glasses,Eyeglasses,Blenders Eyewear,Other,1319.12,100,https://cdn.trychannel3.com/a2f29f26-3a88-4b4e-8d95-367a309316e6?aid=01M11BRRBYDXKF9H1BDHPE7JWA&mid=Kddv
S0hlwYc,Cat-eye sunglasses,Sunglasses,H&M,Cat Eye,1319.12,100,https://cdn.trychannel3.com/9799f16e-bf1e-4aed-aeea-6ea913d61127?aid=01M11BVGEGJNJM37HW7CH6YRYP&mid=UqdU
Dbor7mL,Square Sunglasses,Sunglasses,H&M,Square,1319.12,100,https://cdn.trychannel3.com/45d9c724-cb32-437d-95b3-8b36d8b0a7a5?aid=01M11BV3TN1ARSW7EQ1YQYA71F&mid=UqdU
tOoMfmn,Aviator Sunglasses,Sunglasses,Zenni,Aviator,1319.12,100,https://cdn.trychannel3.com/b1349a99-4b62-41bb-97c7-e0f0de4b2b61?aid=01M11BTTQ6AGW69JN363BEYD9X&mid=ZYiL
wp8SDgy,Square sunglasses,Sunglasses,H&M,Square,1319.12,100,https://cdn.trychannel3.com/567df86a-0dde-400a-a3cb-6f15bc6d4bb2?aid=01M11BV20P1TCNEDBEBP1371S8&mid=UqdU
3IcaTwK,Pickleball Sunglasses,Sunglasses,Franklin Sports,Other,1319.12,100,https://cdn.trychannel3.com/75db04f6-b6ca-4162-862a-e3975a89c5eb?aid=01M11BRX3HPQR248BM1AHJ3TTA&mid=DNRf
st7R1Ac,Oval Sunglasses,Sunglasses,Maurices,Oval,1319.12,100,https://cdn.trychannel3.com/6491fbb3-051c-4cc6-a353-95e6b27e3d13?aid=01M11BVDG61533RD7HP9ZHZG57&mid=mAHj
vPEKMM0,Oval Sunglasses,Sunglasses,H&M,Oval,1319.12,100,https://cdn.trychannel3.com/6540cbe6-3657-4e99-b85c-51b8a909ae99?aid=01M11BVBR2VJCQSEBC87MM22NK&mid=UqdU
Wd9d4P8,Sunglasses,Sunglasses,H&M,Other,1319.12,100,https://cdn.trychannel3.com/fa17aa23-f64d-43bd-b998-912bac529c66?aid=01M11BR4KFKJCEKWZW9T913FM4&mid=UqdU
Uc8ctrc,Soft Pink Marble Oversized Sunglasses,Sunglasses,Maurices,Oversized,1319.12,100,https://cdn.trychannel3.com/abbc45cb-59a8-4e2b-86ad-ed8cbade8846?aid=01M11BVXWZDW17N8GEAJD132T1&mid=mAHj
BclrS4q,Square Floral Frame Glasses,Eyeglasses,ZEELOOL,Square,1320.0,100,https://cdn.trychannel3.com/ec6fe9ce-7449-4f78-a303-425bc356ca0c?aid=01M11BREY5PBZPK1DTKFRPF4VH&mid=aeSD
Awfcy2B,Yana Rectangle Blue Light Glasses,Eyeglasses,Urban Outfitters,Other,1320.0,100,https://cdn.trychannel3.com/a78f7139-06fe-4ab0-bebc-03dc4eef50d2?aid=01M11BRRBYDXKF9H1BDHPE7JWA&mid=QetO
I6MBF9I,Olivia Oval Sunglasses,Sunglasses,Urban Outfitters,Oval,1320.0,100,https://cdn.trychannel3.com/16955b9c-106b-4b99-a726-19a38d78f0a9?aid=01M11BVBR2VJCQSEBC87MM22NK&mid=QetO
IBGOjIG,Oval Sunglasses,Sunglasses,H&M,Oval,1320.0,100,https://cdn.trychannel3.com/492f32dc-a529-4aa2-9d0d-3427a62661a9?aid=01M11BVDG61533RD7HP9ZHZG57&mid=UqdU
J4li8aa,Uo Essential Oval Sunglasses,Sunglasses,Urban Outfitters,Oval,1320.0,100,https://cdn.trychannel3.com/95f87bae-fd15-4208-88fc-08c07c538509?aid=01M11BVBR2VJCQSEBC87MM22NK&mid=QetO
DiCBP7T,Travis Shield Blue Light Glasses,Eyeglasses,UO,Wayfarer,1320.0,100,https://cdn.trychannel3.com/0768a4af-c9b1-4427-b06d-beed9b294fe3?aid=01M11BRRBYDXKF9H1BDHPE7JWA&mid=QetO
eatCLBd,Hunter square black glasses,Eyeglasses,ZEELOOL,Square,1320.0,100,https://cdn.trychannel3.com/bf4321d0-5699-4681-a0d2-cbdaa07741aa?aid=01M11BSM1G66BHXZPN2FP1F2NG&mid=aeSD
HqG4e0Q,Uo Essential Rectangle Sunglasses,Sunglasses,Urban Outfitters,Rectangle,1320.0,100,https://cdn.trychannel3.com/4443b328-c27c-427d-bc24-a92faea8cd24?aid=01M11BV6T7W6NWG5K6JS2H0NRR&mid=QetO
92xpaB6,Aviator Sunglasses,Sunglasses,H&M,Aviator,1320.0,100,https://cdn.trychannel3.com/b42b3771-e0b0-4178-aa2c-4463a069d387?aid=01M11BTR6RNDHH7SH1QV2DWF7Y&mid=UqdU
Nvl6x7T,Square Glasses,Eyeglasses,Zenni,Square,1403.6,100,https://cdn.trychannel3.com/9c2273fc-2860-4d73-830a-bee1633d0c5e?aid=01M11BTH9AJFHQXNJYCAZJEHK2&mid=ZYiL
4TiQ1Kv,Rectangle Glasses,Eyeglasses,Zenni,Cat Eye,1403.6,100,https://cdn.trychannel3.com/e1a67a0b-60b8-4f68-8135-aa3a732ead9b?aid=01M11BSSZEACWDNDBJABSYNJR1&mid=ZYiL
l80PHn4,Aviator Sunglasses,Sunglasses,American Eagle Outfitters,Aviator,1403.6,100,https://cdn.trychannel3.com/cf5ae8dc-f1f3-4213-9912-2bdc6d0827d0?aid=01M11BTR6RNDHH7SH1QV2DWF7Y&mid=htD4
QSF0wrt,Aviator Sunglasses,Sunglasses,Zenni,Aviator,1403.6,100,https://cdn.trychannel3.com/ef9e76d0-eccd-4975-abc6-e2c92023103e?aid=01M11BTTQ6AGW69JN363BEYD9X&mid=ZYiL
gd7Qm9t,Rectangle Glasses,Eyeglasses,Zenni,Aviator,1403.6,100,https://cdn.trychannel3.com/c4372bb4-8649-4bf0-bf9f-548b86517170?aid=01M11BSSZEACWDNDBJABSYNJR1&mid=ZYiL
G1UJgpt,Rectangle Sunglasses,Sunglasses,American Eagle Outfitters,Rectangle,1403.6,100,https://cdn.trychannel3.com/8e271690-c658-4ddb-a34f-25071620d6c8?aid=01M11BV8M566P5VH2FK9329FKG&mid=htD4
7L7YZM6,Narrow Blue Light Glasses,Eyeglasses,American Eagle Outfitters,Other,1403.6,100,https://cdn.trychannel3.com/5709a95b-206d-4b97-a83f-da17cc981b9e?aid=01M11BRT3F8230HENY69FX2E82&mid=htD4
M1i1wrI,Rectangular Blue Light Glasses,Eyeglasses,American Eagle Outfitters,Rectangle,1403.6,100,https://cdn.trychannel3.com/6c47d5e2-11f9-4ffe-9328-fb9d443dfdab?aid=01M11BRT3F8230HENY69FX2E82&mid=htD4
xdGEEiN,Square Sunglasses,Sunglasses,American Eagle Outfitters,Square,1403.6,100,https://cdn.trychannel3.com/d77e80a4-a8e7-4bb6-835b-b72213fd0717?aid=01M11BV20P1TCNEDBEBP1371S8&mid=htD4
egWI1Sc,Rave Eyeguards,Racquetball & Squash Eyewear,Head,Other,1403.6,100,https://cdn.trychannel3.com/93011d8e-ed82-4cd7-ac75-75a2bd7ba22f?aid=01M11BRYZDM7972JP72S04KP5N&mid=DoRK
e0eAy67,Rectangle Glasses,Eyeglasses,Zenni,Rectangle,1403.6,100,https://cdn.trychannel3.com/30739564-2f2f-4cc1-b0d8-d178c328a238?aid=01M11BSSZEACWDNDBJABSYNJR1&mid=ZYiL
7lkLjHv,Cat Eye Sunglasses,Sunglasses,ZARA,Cat Eye,1406.24,100,https://cdn.trychannel3.com/2a6aaab1-23ff-460a-b51f-cd56bd88da09?aid=01M11BVGEGJNJM37HW7CH6YRYP&mid=Mnrl
HU5PghU,El Monte Reading Glasses,Eyeglasses,Victoria's Secret,Rectangle,1407.12,100,https://cdn.trychannel3.com/HU5PghU?aid=01M11BRN7XSRA9X23ETG75Q3Q5&mid=6Uzl
cPb1xA1,Oversized Moodie Sunglasses,Sunglasses,Mure + Grand,Other,1408.0,100,https://cdn.trychannel3.com/cPb1xA1?aid=01M11BTNCGRD82TPBV5JXEJV7E&mid=gtjX
2H1VMv5,Rectangle Glasses,Eyeglasses,Zenni,Rectangle,1491.6,100,https://cdn.trychannel3.com/b3418628-b447-4891-9010-ed1320e274b9?aid=01M11BSSZEACWDNDBJABSYNJR1&mid=ZYiL
r2MEDYO,Aviator sunglasses,Sunglasses,ALDO,Aviator,1494.24,100,https://cdn.trychannel3.com/d20b1f45-a050-4279-bbda-324293bd04f1?aid=01M11BSB0Y5XBPX12GTTXWK0AR&mid=XP2Z
hYmoAUT,Brown Oval Sunglasses,Sunglasses,Zenni,Oval,1495.12,100,https://cdn.trychannel3.com/0edd5660-afd6-468d-937d-28f0d1688f8e?aid=01M11BVBR2VJCQSEBC87MM22NK&mid=ZYiL
EAEmCLl,Aviator Sunglasses,Sunglasses,BKE Vintage,Aviator,1495.12,100,https://cdn.trychannel3.com/a4aaa513-ccc3-4ca1-b74e-dd3a3b19899a?aid=01M11BTR6RNDHH7SH1QV2DWF7Y&mid=MywU
umtddaJ,Aviator Sunglasses,Sunglasses,BKE,Aviator,1495.12,100,https://cdn.trychannel3.com/4fe2b1ee-c555-4877-b902-626537d69946?aid=01M11BTR6RNDHH7SH1QV2DWF7Y&mid=MywU
KjNPJ3J,Fairmont Rectangle Glasses,Eyeglasses,EyeBuyDirect,Rectangle,1584.0,100,https://cdn.trychannel3.com/ebe7905d-986d-4473-acc0-5e7395dcf855?aid=01M11BSR8SWWC3VFNYM83JVD4T&mid=FDzv
ZeUDfIR,Cat Eye Sunglasses,Sunglasses,Oak and Fort,Cat Eye,1584.0,100,https://cdn.trychannel3.com/f95aee0d-9168-419c-a4e0-dcf3e45d6935?aid=01M11BVJ1PFMQMD5V55VXX9ADS&mid=7Hdn
zcQmbg2,Cat Eye Sunglasses,Sunglasses,Oak and Fort,Cat Eye,1584.0,100,https://cdn.trychannel3.com/f95aee0d-9168-419c-a4e0-dcf3e45d6935?aid=01M11BVJ1PFMQMD5V55VXX9ADS&mid=7Hdn
Wb0EmEn,Oval Sunglasses,Sunglasses,Oak and Fort,Oval,1584.0,100,https://cdn.trychannel3.com/bfffcaf1-c446-4afa-bfaa-bd9951e5000f?aid=01M11BR4KFKJCEKWZW9T913FM4&mid=7Hdn
5EQDgDr,Uptown Square Floral Glasses,Eyeglasses,EyeBuyDirect,Other,1672.0,100,https://cdn.trychannel3.com/fd88ec4a-414c-4451-bf36-8e556fa2dc29?aid=01M11BTFMDTHE5ART8Q4HAS3N7&mid=FDzv
xOpgwV4,Macaron Round Glasses For Women,Eyeglasses,EyeBuyDirect,Round,1672.0,100,https://cdn.trychannel3.com/6b0f0579-4bbc-4343-8155-71b0c52dcd9b?aid=01M11BTAWRHDCSZDATXF080N6Q&mid=FDzv
hKakAE5,Wintour Blue Light Glasses,Eyeglasses,12th Tribe,Cat Eye,1672.0,100,https://cdn.trychannel3.com/39698acc-1c75-4982-a181-364ca0a9412b?aid=01M11BRRBYDXKF9H1BDHPE7JWA&mid=1G9l
sutfmIC,Bennett Rectangle Glasses,Eyeglasses,EyeBuyDirect,Rectangle,1672.0,100,https://cdn.trychannel3.com/a0962c7e-60d1-4c31-8504-f65cb409bb7b?aid=01M11BSR8SWWC3VFNYM83JVD4T&mid=FDzv
q7f2xVz,Oversized Square Sunglasses,Sunglasses,Aeropostale,Square,1716.0,100,https://cdn.trychannel3.com/b8d154a4-74fb-4324-929d-f448e9cb6861?aid=01M11BVXWZDW17N8GEAJD132T1&mid=SDz8
zl6tZ1E,Aviator Sunglasses,Sunglasses,Aeropostale,Aviator,1716.0,100,https://cdn.trychannel3.com/626b9642-94dd-46df-9046-116e08e6f371?aid=01M11BSB0Y5XBPX12GTTXWK0AR&mid=SDz8
WMZkFjY,Oversized Square Sunglasses,Sunglasses,Aeropostale,Square,1716.0,100,https://cdn.trychannel3.com/a42cb6a0-f247-4bc2-9a3c-c5eb9ac53370?aid=01M11BTKZCV6DDXSBTPB833W5S&mid=SDz8
nbt2CDe,Eve Oval Blue Light Glasses,Eyeglasses,Bohme,Other,1738.0,100,https://cdn.trychannel3.com/4f064648-b774-40c8-9d0c-024f8c1133bc?aid=01M11BRT3F8230HENY69FX2E82&mid=UJCz
NvQ4KVB,Hanna Oversized Sunglasses,Sunglasses,Bohme,Aviator,1738.0,100,https://cdn.trychannel3.com/1e8da1f2-9a94-456f-9b02-a944b5713289?aid=01M11BVZFQ8CDJ55YMJQPG8PQN&mid=UJCz
Qug4OoI,Oversized Sunglasses,Sunglasses,Bohme,Oversized,1738.0,100,https://cdn.trychannel3.com/ab5e294c-0281-4675-a095-c96e3a1e0052?aid=01M11BVZFQ8CDJ55YMJQPG8PQN&mid=UJCz
5uKMwJl,Jordan Blue Light Glasses,Eyeglasses,Bohme,Other,1738.0,100,https://cdn.trychannel3.com/b96ef168-ab49-4a52-8598-05896a9073bb?aid=01M11BRRBYDXKF9H1BDHPE7JWA&mid=UJCz
3iwnWgv,Kameron Blue Light Glasses,Eyeglasses,Bohme,Other,1738.0,100,https://cdn.trychannel3.com/a5d722aa-560e-452d-b4d2-ecbe2b781cbf?aid=01M11BRRBYDXKF9H1BDHPE7JWA&mid=UJCz
xFSLDHw,Tortoiseshell Round Blue Light Glasses,Vision Care,Aeropostale,Other,1755.6,100,https://cdn.trychannel3.com/96475269-181d-4f0d-afd4-23a87cd0e844?aid=01M11BRT3F8230HENY69FX2E82&mid=SDz8
CqiOVvd,Waymax Blue Light Glasses,Vision Care,Aeropostale,Other,1755.6,100,https://cdn.trychannel3.com/b4b6e9bb-440e-48cd-858f-1dc688740fc3?aid=01M11BRRBYDXKF9H1BDHPE7JWA&mid=SDz8
PiIL8L2,Square Glasses,Eyeglasses,Zenni,Cat Eye,1755.6,100,https://cdn.trychannel3.com/459c5b38-db44-48a4-a988-b4f9f1ed0a36?aid=01M11BTH9AJFHQXNJYCAZJEHK2&mid=ZYiL
2kkkAH7,Square Glasses,Eyeglasses,Zenni,Square,1755.6,100,https://cdn.trychannel3.com/a74fa779-7c1a-42be-9548-df56e377fec3?aid=01M11BTH9AJFHQXNJYCAZJEHK2&mid=ZYiL
NS5BUQS,round sunglasses,Sunglasses,Abercrombie & Fitch,Round,1755.6,100,https://cdn.trychannel3.com/97bd1ce5-4a6c-4b39-89db-01890f5ad7f8?aid=01M11BTZA1GK1ZGZSDSXHYR3B5&mid=Zhkr
IMDEUSm,Aviator Sunglasses,Sunglasses,Aeropostale,Aviator,1755.6,100,https://cdn.trychannel3.com/4e10244f-0870-4ff9-b219-391d6951de9b?aid=01M11BTR6RNDHH7SH1QV2DWF7Y&mid=SDz8
1fWnF9M,Square Renea Glasses,Eyeglasses,ZEELOOL,Other,1755.6,100,https://cdn.trychannel3.com/5bd9a673-7687-4164-b5dc-bd744db6a926?aid=01M11BTFMDTHE5ART8Q4HAS3N7&mid=aeSD
8WI0veF,Oversized Square Sunglasses,Sunglasses,Aeropostale,Square,1755.6,100,https://cdn.trychannel3.com/f036b8b6-c940-4882-a309-ec6b905c325c?aid=01M11BVXWZDW17N8GEAJD132T1&mid=SDz8
Y26zbM2,Slim Rectangle Sunglasses,Sunglasses,Aeropostale,Rectangle,1755.6,100,https://cdn.trychannel3.com/c93c8305-73ed-420a-8736-90eaf25d4664?aid=01M11BV8M566P5VH2FK9329FKG&mid=SDz8
9swdLMG,Slim Rectangle Sunglasses,Sunglasses,Aeropostale,Rectangle,1755.6,100,https://cdn.trychannel3.com/8e66b483-87cf-4da1-ae11-732c06adaca9?aid=01M11BV8M566P5VH2FK9329FKG&mid=SDz8
Ko6XntC,Oversized Cateye Sunglasses,Sunglasses,Aeropostale,Cat Eye,1755.6,100,https://cdn.trychannel3.com/85449d2a-1bb8-49a8-8d4c-73a8ad846ada?aid=01M11BVXWZDW17N8GEAJD132T1&mid=SDz8
cO5Bkji,Waymax Blue Light Glasses,Vision Care,Aeropostale,Other,1755.6,100,https://cdn.trychannel3.com/bf16548b-77e1-407a-bce5-a07c90984172?aid=01M11BRT3F8230HENY69FX2E82&mid=SDz8
bkC9UO8,Black Aviator Sunglasses #T04692112,Sunglasses,Zenni,Aviator,1755.6,100,https://cdn.trychannel3.com/f466272e-fa12-4237-9719-d472886f3b7c?aid=01M11BSD61BRR0ZZNK6QTF02DN&mid=ZYiL
7yRht7G,Oversize Square Sunglasses,Sunglasses,BCBG,Square,1757.36,100,https://cdn.trychannel3.com/5851186f-5dc9-4fd8-880c-c64131897d78?aid=01M11BV20P1TCNEDBEBP1371S8&mid=cvfe
hLTAySX,Oversized Square Sunglasses,Sunglasses,BCBG,Square,1757.36,100,https://cdn.trychannel3.com/44c64f98-9c4b-47b2-a69d-f40e16a79d41?aid=01M11BVXWZDW17N8GEAJD132T1&mid=cvfe
3Un7ZsV,Aviator Sunglasses,Sunglasses,BCBGENERATION,Aviator,1757.36,100,https://cdn.trychannel3.com/4e579fe4-5437-4d62-8573-1b21853cafa5?aid=01M11BTR6RNDHH7SH1QV2DWF7Y&mid=cvfe
DPkAFmp,Oval Sunglasses,Sunglasses,cotton On,Oval,1759.12,100,https://cdn.trychannel3.com/70caee56-2c7c-4748-a0dc-b9bcf2a711f8?aid=01M11BVBR2VJCQSEBC87MM22NK&mid=hQYc
B5q19Ui,Round Polarized Sunglasses,Sunglasses,H&M,Other,1759.12,100,https://cdn.trychannel3.com/49217be3-7d01-41cd-9494-bc3f487980d2?aid=01M11BSHD1Q26AFWZR9P4FHVNP&mid=UqdU
cXNLf58,Oversized Gold-Trim Sunglasses,Sunglasses,Jessica Simpson,Oversized,1759.12,100,https://cdn.trychannel3.com/2a08aa45-5c07-4671-8fda-9656d873a961?aid=01M11BTNCGRD82TPBV5JXEJV7E&mid=0OrG
5DEFr2Q,Cat Eye Sunglasses,Sunglasses,Frye,Cat Eye,1759.12,100,https://cdn.trychannel3.com/ea25fbcc-458e-424e-b037-a356507b0f79?aid=01M11BT68EET3WVTHRWMC11Y77&mid=IXIa
Z6xO24X,Cat-Eye Sunglasses,Sunglasses,H&M,Cat Eye,1759.12,100,https://cdn.trychannel3.com/66afaebf-1a41-4d8f-a602-5f2e864f7ec1?aid=01M11BVGEGJNJM37HW7CH6YRYP&mid=UqdU
YMwPg3R,Oversized Reading Sunglasses,Sunglasses,Jessica Simpson,Other,1759.12,100,https://cdn.trychannel3.com/75166fde-2e8c-408c-a1cf-0cf16bdc4f5b?aid=01M11BVZFQ8CDJ55YMJQPG8PQN&mid=0OrG
2Dbx7WD,San Diego Reading Glasses,Vision Care,Victoria's Secret,Rectangle,1759.12,100,https://cdn.trychannel3.com/127b6939-5e6e-4e6f-8a76-9973e7eaca4d?aid=01M11BRN7XSRA9X23ETG75Q3Q5&mid=6Uzl
a56gnvK,Sunglasses,Sunglasses,H&M,Other,1759.12,100,https://cdn.trychannel3.com/78411fa6-74ae-462c-a675-2b51b6dfa364?aid=01M11BR6P8YAZM07MPZ8QXECND&mid=UqdU
Q68SEgv,Square Sunglasses,Sunglasses,Jessica Simpson,Square,1759.12,100,https://cdn.trychannel3.com/11fada31-5dc0-4c49-bdc2-87aa4df07762?aid=01M11BV3TN1ARSW7EQ1YQYA71F&mid=0OrG
mrRuKKf,Cat Eye Sunglasses,Sunglasses,Jessica Simpson,Cat Eye,1759.12,100,https://cdn.trychannel3.com/21b5ffe9-a9fc-430d-8cc5-fa69f985d0b7?aid=01M11BVGEGJNJM37HW7CH6YRYP&mid=0OrG
wY3V3JA,Round Sunglasses,Sunglasses,H&M,Round,1759.12,100,https://cdn.trychannel3.com/0ad1d44a-54e0-4f86-bfc2-d01379143d09?aid=01M11BTXJZMJ73J0P0AAPEMPY7&mid=UqdU
8foXqM0,Aviator Sunglasses,Sunglasses,U.S. Polo Assn.,Aviator,1759.12,100,https://cdn.trychannel3.com/1a9eebfb-796c-44c9-af14-f6aee405f319?aid=01M11BSB0Y5XBPX12GTTXWK0AR&mid=7uRn
vdz8tnY,Square Sunglasses,Sunglasses,H&M,Square,1759.12,100,https://cdn.trychannel3.com/c0584783-4acc-44d2-8960-f25b3e99fea9?aid=01M11BV20P1TCNEDBEBP1371S8&mid=UqdU
x4WLMu2,Round Sunglasses,Sunglasses,H&M,Round,1759.12,100,https://cdn.trychannel3.com/06087958-b770-4933-9440-398d08d08219?aid=01M11BTZA1GK1ZGZSDSXHYR3B5&mid=UqdU
w1ODpGN,Abby Rectangle Sunglasses,Sunglasses,cotton On,Rectangle,1759.12,100,https://cdn.trychannel3.com/eabcca06-c501-4414-8e2c-c64d991fcfbe?aid=01M11BV6T7W6NWG5K6JS2H0NRR&mid=hQYc
7QdXfRm,Rectangular Reading Glasses,Eyeglasses,Nordstrom,Other,1759.12,100,https://cdn.trychannel3.com/7QdXfRm?aid=01M11BRKMDZHBXR0QE8DNCQVRN&mid=asdf
B1Nk4qA,Vented Oversized Sunglasses,Sunglasses,Jessica Simpson,Oversized,1759.12,100,https://cdn.trychannel3.com/7ea7e5b8-d6a5-4936-90ae-0d631af5da93?aid=01M11BVZFQ8CDJ55YMJQPG8PQN&mid=0OrG
VnYTtSw,Rayne Blue Light Glasses,Eyeglasses,White Fox Boutique,Other,1759.12,100,https://cdn.trychannel3.com/3c49b752-9816-49b0-9c0b-b6252613c520?aid=01M11BRT3F8230HENY69FX2E82&mid=CIF8
hKWCHL6,แว่นตากันแดด,Sunglasses,ALDO,Aviator,1760.0,100,https://cdn.trychannel3.com/d0fcdbff-6c96-4dca-906e-ce83ce16df5d?aid=01M11BS3FXXC8EQ4KP1915G608&mid=XP2Z
Q1XgwWD,Cat-Eye Sunglasses,Sunglasses,Free People,Cat Eye,1760.0,100,https://cdn.trychannel3.com/a399f47f-0850-433e-9883-9eb2aa0e8346?aid=01M11BVGEGJNJM37HW7CH6YRYP&mid=ICa0
UghZyC5,Life Begins Glasses Tort,Eyeglasses,Princess Polly,Rectangle,1760.0,100,https://cdn.trychannel3.com/277a53c3-5bc7-4bf4-9773-334e92f83dc8?aid=01M11BRT3F8230HENY69FX2E82&mid=cAkm
MNbaHyJ,Best Shot Oval Sunglasses,Sunglasses,Princess Polly,Oval,1760.0,100,https://cdn.trychannel3.com/c78de243-a829-4cad-9d11-0ec205a56d73?aid=01M11BVDG61533RD7HP9ZHZG57&mid=cAkm
XWNYz5Q,Mae Oval Sunglasses,Sunglasses,Free People,Aviator,1760.0,100,https://cdn.trychannel3.com/e2d2bda3-ec90-421f-b6a2-a2b42b701189?aid=01M11BVBR2VJCQSEBC87MM22NK&mid=ICa0
pcbVCFz,Round Sunglasses with Tinted Lenses,Sunglasses,Sunglass Museum,Round,1936.0,100,https://cdn.trychannel3.com/pcbVCFz?aid=01M11BTZA1GK1ZGZSDSXHYR3B5&mid=cjsD
wrf9CiI,Cat-eye sunglasses,Sunglasses,Mango,Cat Eye,2023.12,100,https://cdn.trychannel3.com/7fb97f7b-84c9-4837-8e97-dbe441704fb0?aid=01M11BVJ1PFMQMD5V55VXX9ADS&mid=IqeC
8LBPYm5,Fiction Round Glasses,Eyeglasses,EyeBuyDirect,Round,2024.0,100,https://cdn.trychannel3.com/b7a283d8-0d3f-426f-80ce-01cf158bc8f3?aid=01M11BTCPBGXAG4MQ1TC78C3HK&mid=FDzv
F5N5dXE,Lyric Square Glasses,Eyeglasses,EyeBuyDirect,Square,2024.0,100,https://cdn.trychannel3.com/84546ed2-0798-40ac-822d-9bbbdd3872f2?aid=01M11BTH9AJFHQXNJYCAZJEHK2&mid=FDzv
OpeSYhl,Square Glasses,Eyeglasses,Zenni,Square,2107.6,100,https://cdn.trychannel3.com/ba5374dd-51a5-4b63-b9fd-7a7e8110f9df?aid=01M11BTFMDTHE5ART8Q4HAS3N7&mid=ZYiL
R0AsPov,Aviator Sunglasses,Sunglasses,Zenni,Aviator,2107.6,100,https://cdn.trychannel3.com/4b2036c3-1654-40f3-a14d-0898a4afdbb3?aid=01M11BTTQ6AGW69JN363BEYD9X&mid=ZYiL
loS4AJC,Square Glasses,Eyeglasses,Zenni,Aviator,2107.6,100,https://cdn.trychannel3.com/66276141-0e2b-4f58-9c9e-856ee0943d5d?aid=01M11BTH9AJFHQXNJYCAZJEHK2&mid=ZYiL
6gMzC3C,Rectangle Glasses,Eyeglasses,Zenni,Rectangle,2107.6,100,https://cdn.trychannel3.com/adb138d5-365e-47fb-9312-da7eb95a50a4?aid=01M11BSSZEACWDNDBJABSYNJR1&mid=ZYiL
kG5yicy,Square Glasses,Eyeglasses,Zenni,Square,2107.6,100,https://cdn.trychannel3.com/7e9609b1-214b-4fb3-9e69-ffba52c0cf86?aid=01M11BSNK6G8XSQQPC0TEWT84J&mid=ZYiL
KAAYxim,Cat-eye sunglasses,Sunglasses,Mango,Cat Eye,2111.12,100,https://cdn.trychannel3.com/1fcc7cc3-9f58-4ccc-a69a-61906c8257ec?aid=01M11BVJ1PFMQMD5V55VXX9ADS&mid=IqeC
FRD0L8F,Oval Sunglasses,Sunglasses,Oak and Fort,Oval,2112.0,100,https://cdn.trychannel3.com/0b121ab0-03ad-48c2-bd90-6a002ee85d20?aid=01M11BVDG61533RD7HP9ZHZG57&mid=7Hdn
sOkirh3,Flat Wayfarer Sunglasses,Sunglasses,Les Dynamites,Wayfarer,2195.6,100,https://cdn.trychannel3.com/f8a2121a-a0ff-4616-a790-73b3262ae044?aid=01M11BVPSN0RP6RM7ETE4HK327&mid=ANA7
kWeCQi1,Flat Wayfarer Sunglasses,Sunglasses,Les Dynamites,Wayfarer,2195.6,100,https://cdn.trychannel3.com/4c9e8efe-ac66-453b-9369-df4901d028be?aid=01M11BVPSN0RP6RM7ETE4HK327&mid=ANA7
1vpPTpl,Cat Eye Sunglasses,Sunglasses,Vince Camuto,Cat Eye,2197.36,100,https://cdn.trychannel3.com/0ea51934-3a13-4982-b58b-a63a3a8fa8d1?aid=01M11BT8274GQM3Z2Q4KAQKY59&mid=cvfe
4PafDUe,Round Sunglasses,Sunglasses,Vince Camuto,Round,2197.36,100,https://cdn.trychannel3.com/0a721834-1357-4084-acb5-27328ee14c9d?aid=01M11BTXJZMJ73J0P0AAPEMPY7&mid=cvfe
zXdccZ2,Fashion Reading Glasses,Vision Care,Staples,Other,2199.12,100,https://cdn.trychannel3.com/7ee84e83-aae8-4e9f-b292-dd71ebd128de?aid=01M11BRN7XSRA9X23ETG75Q3Q5&mid=LFnL
VKVGbcN,Rectangle Sunglasses,Sunglasses,Zenni,Rectangle,2199.12,100,https://cdn.trychannel3.com/289df094-ee7a-44ca-ad3d-41fbab109e0d?aid=01M11BV8M566P5VH2FK9329FKG&mid=ZYiL
D3fh7R2,Fashion Reading Glasses,Vision Care,Staples,Other,2199.12,100,https://cdn.trychannel3.com/f5519f04-b29c-486c-8f19-ebd94503f300?aid=01M11BRKMDZHBXR0QE8DNCQVRN&mid=LFnL
N39jCD3,Reading Glasses,Eyeglasses,SAV Eyewear,Rectangle,2199.12,100,https://cdn.trychannel3.com/573dd9c7-6f58-4d25-b2ab-49dc2a09812d?aid=01M11BRKMDZHBXR0QE8DNCQVRN&mid=LFnL
OIXizsY,Fashion Reading Glasses,Vision Care,Calvin Klein,Rectangle,2199.12,100,https://cdn.trychannel3.com/6b30ed44-2a81-4c56-83e3-b8a8e31c3bf4?aid=01M11BRN7XSRA9X23ETG75Q3Q5&mid=LFnL
F9wSd4U,Reading Glasses,Eyeglasses,SAV Eyewear,Rectangle,2199.12,100,https://cdn.trychannel3.com/fc238f46-8e37-45b1-ae9e-9fb6279ea3a3?aid=01M11BRKMDZHBXR0QE8DNCQVRN&mid=LFnL
P7xOejW,Square Retro Reading Glasses Carter,Vision Care,Sunglass Museum,Square,2200.0,100,https://cdn.trychannel3.com/66ec9b12-f182-4e2c-9db7-1ebc835c183b?aid=01M11BRN7XSRA9X23ETG75Q3Q5&mid=cjsD
naJfV2F,Avant G Sunglasses,Sunglasses,goodr,Other,2200.0,100,https://cdn.trychannel3.com/69c4bf7e-1213-4eda-a6ec-fe9ead86c35e?aid=01M11BRYZDM7972JP72S04KP5N&mid=3KLu
qYmTA0V,Rectangle sunglasses,Sunglasses,ALDO,Rectangle,2200.0,100,https://cdn.trychannel3.com/415c12a3-40f1-4faf-9e4c-a5da1b59bc2f?aid=01M11BV6T7W6NWG5K6JS2H0NRR&mid=XP2Z
25uwdZT,Effortless Chic Cat Eye Reading Glasses,Eyeglasses,Betsey Johnson,Cat Eye,2200.0,100,https://cdn.trychannel3.com/3fdfbfce-645c-40ae-a334-f292b9c9c9b2?aid=01M11BRN7XSRA9X23ETG75Q3Q5&mid=ZCKm
BimaseW,Square sunglasses,Sunglasses,ALDO,Square,2200.0,100,https://cdn.trychannel3.com/35b0e58c-c2de-4fa6-b201-ec52c9640231?aid=01M11BV20P1TCNEDBEBP1371S8&mid=XP2Z
q33gEsT,Oval sunglasses,Sunglasses,ALDO,Oval,2200.0,100,https://cdn.trychannel3.com/f460ff3a-fb9f-4a31-9ced-1a178385e53d?aid=01M11BVBR2VJCQSEBC87MM22NK&mid=XP2Z
WtGPNzw,Mixtape Rectangle Sunglasses Red,Sunglasses,Princess Polly,Rectangle,2200.0,100,https://cdn.trychannel3.com/9102afcd-d744-4fe0-be94-956573d57d9a?aid=01M11BV8M566P5VH2FK9329FKG&mid=cAkm
n2rWbl4,Aviator Sunglasses,Sunglasses,True Nation,Aviator,2200.0,100,https://cdn.trychannel3.com/4bb26a89-a6fb-4e7e-95b4-c4321106d497?aid=01M11BTR6RNDHH7SH1QV2DWF7Y&mid=jVIN
3bgSutd,Aviator Sunglasses,Sunglasses,True Nation,Aviator,2200.0,100,https://cdn.trychannel3.com/acec5023-ede5-45e6-b532-457b5634a534?aid=01M11BTR6RNDHH7SH1QV2DWF7Y&mid=jVIN
Xse48Wl,Satellite Cat Eye Sunglasses,Sunglasses,EyeBuyDirect,Cat Eye,2200.0,100,https://cdn.trychannel3.com/cb73b5f8-9148-4ee7-9eef-7d0b2baa5993?aid=01M11BR6P8YAZM07MPZ8QXECND&mid=FDzv
F12ro1l,Bifocal Reading Glasses,Vision Care,Sunglass Museum,Aviator,2200.0,100,https://cdn.trychannel3.com/c59d1964-7afb-4c75-93e9-a831806f9a45?aid=01M11BRN7XSRA9X23ETG75Q3Q5&mid=cjsD
sIyFyyZ,Frankie Rectangle Sunglasses,Sunglasses,Free People,Rectangle,2200.0,100,https://cdn.trychannel3.com/cf95c097-6f12-4f91-9332-bd84974636a9?aid=01M11BV6T7W6NWG5K6JS2H0NRR&mid=ICa0
6bggAYu,Wyatt Rectangle Glasses,Eyeglasses,ZEELOOL,Rectangle,2200.0,100,https://cdn.trychannel3.com/cc7fd34d-e242-41e7-b0b9-23066c92a6d4?aid=01M11BSSZEACWDNDBJABSYNJR1&mid=aeSD
kviZjtD,Round Glasses,Eyeglasses,Zenni,Round,2283.6,100,https://cdn.trychannel3.com/3c329e7d-245e-43e2-bab0-4a84145d24e9?aid=01M11BTCPBGXAG4MQ1TC78C3HK&mid=ZYiL
VfvNw3t,Round Glasses,Eyeglasses,Zenni,Round,2283.6,100,https://cdn.trychannel3.com/17ef2330-13af-48c5-806d-5c32c4c2d54e?aid=01M11BTAWRHDCSZDATXF080N6Q&mid=ZYiL
qdBTING,Tortoiseshell Square Sunglasses,Sunglasses,Zenni,Square,2283.6,100,https://cdn.trychannel3.com/qdBTING?aid=01M11BV3TN1ARSW7EQ1YQYA71F&mid=ZYiL
gBTVwYc,Rectangle Glasses,Eyeglasses,Zenni,Rectangle,2283.6,100,https://cdn.trychannel3.com/2accbd72-63c0-4ee6-9828-f672e3a60028?aid=01M11BSSZEACWDNDBJABSYNJR1&mid=ZYiL
KdX44JL,Round Glasses,Eyeglasses,Zenni,Round,2283.6,100,https://cdn.trychannel3.com/8b8e3aa1-b3e6-4fb7-88f5-b5aec865239a?aid=01M11BTCPBGXAG4MQ1TC78C3HK&mid=ZYiL
cLAbNAX,Rectangle Glasses,Eyeglasses,Zenni,Rectangle,2283.6,100,https://cdn.trychannel3.com/bcce138f-5a97-4996-af0b-58c766275909?aid=01M11BSSZEACWDNDBJABSYNJR1&mid=ZYiL
Is3Vtad,Square Glasses,Eyeglasses,Zenni,Square,2283.6,100,https://cdn.trychannel3.com/bb4bc010-cc2b-41f7-afcb-92117ada9af1?aid=01M11BTH9AJFHQXNJYCAZJEHK2&mid=ZYiL
k2Oonqk,Square Glasses,Eyeglasses,Zenni,Square,2283.6,100,https://cdn.trychannel3.com/aee557fe-558a-4a9d-bf46-c2e77b174840?aid=01M11BTFMDTHE5ART8Q4HAS3N7&mid=ZYiL
8bYcPhy,Cat-eye sunglasses,Sunglasses,Mango,Cat Eye,2287.12,100,https://cdn.trychannel3.com/cf77d195-0f33-449e-a175-f33f5b39c1df?aid=01M11BVJ1PFMQMD5V55VXX9ADS&mid=IqeC
qZxKiOG,Aviator sunglasses,Sunglasses,Mango,Aviator,2287.12,100,https://cdn.trychannel3.com/2937c169-91c5-4417-ad6b-db807761afb7?aid=01M11BTTQ6AGW69JN363BEYD9X&mid=IqeC
FoVDNwJ,Nest Pro Goggles,Swim Goggles & Masks,TYR,Other,2420.0,100,https://cdn.trychannel3.com/1ace034c-db18-4e84-a876-f2f8ce1d6f91?aid=01M11BRYZDM7972JP72S04KP5N&mid=yZrw
VeYAMtM,Nest Pro Swim Goggles,Swim Goggles & Masks,TYR,Other,2420.0,100,https://cdn.trychannel3.com/a9d0d155-69a2-4282-8baf-fc12e7248feb?aid=01M11BRYZDM7972JP72S04KP5N&mid=a0Dd
4iyVJFx,Nest Pro Swim Goggles,Swim Goggles & Masks,TYR,Other,2420.0,100,https://cdn.trychannel3.com/7f7f568b-7315-4693-892c-bc5ea686101d?aid=01M11BRYZDM7972JP72S04KP5N&mid=BK71
s2SGbgf,Square Sunglasses,Sunglasses,Zenni,Square,2459.6,100,https://cdn.trychannel3.com/924f8b2e-a43f-4067-bb74-15da59d630fe?aid=01M11BV3TN1ARSW7EQ1YQYA71F&mid=ZYiL
ZYDz1Km,Rectangle Glasses,Eyeglasses,Zenni,Rectangle,2459.6,100,https://cdn.trychannel3.com/00992989-2080-4485-82f1-d70977a1888c?aid=01M11BSSZEACWDNDBJABSYNJR1&mid=ZYiL
WnfSfEZ,Rectangle Glasses,Eyeglasses,Zenni,Rectangle,2459.6,100,https://cdn.trychannel3.com/c82da306-3557-44c0-92a3-e6cc0e0f12fb?aid=01M11BSSZEACWDNDBJABSYNJR1&mid=ZYiL
bnXSAph,Pro Elite Eyeguards,Racquetball & Squash Eyewear,Head,Other,2459.6,100,https://cdn.trychannel3.com/44bdd67e-a624-49d4-a6ae-1be26b8412db?aid=01M11BRYZDM7972JP72S04KP5N&mid=DoRK
ehH94qJ,Rectangle Sports Glasses,Eyeglasses,Zenni,Other,2459.6,100,https://cdn.trychannel3.com/e52d4939-bade-46f7-97f6-ecb5882cb19d?aid=01M11BRX3HPQR248BM1AHJ3TTA&mid=ZYiL
4lOq5mC,Rectangle Sports Glasses,Sunglasses,Zenni,Other,2459.6,100,https://cdn.trychannel3.com/c2639fb0-63f3-4f93-b4b7-6d7357f7afc4?aid=01M11BRX3HPQR248BM1AHJ3TTA&mid=ZYiL
O5S8JKB,Rectangle Glasses For Men,Eyeglasses,EyeBuyDirect,Rectangle,2464.0,100,https://cdn.trychannel3.com/dac54c54-c580-4bb4-987d-b7b49e12d70b?aid=01M11BSR8SWWC3VFNYM83JVD4T&mid=FDzv
m3Stbgn,Premiums Sport,Sunglasses,Knockaround,Other,2464.0,100,https://cdn.trychannel3.com/d9889439-7d4d-4df1-b046-c8487e2dc439?aid=01M11BRYZDM7972JP72S04KP5N&mid=XZl2
Kz4W76V,Skinny Sporty Curved Vintage Aviator Sunglass,Sunglasses,Sunglass Museum,Aviator,2464.0,100,https://cdn.trychannel3.com/Kz4W76V?aid=01M11BRX3HPQR248BM1AHJ3TTA&mid=cjsD
s59nDY9,Micro Geometric Vintage Sunglasses,Sunglasses,Sunglass Museum,Geometric,2464.0,100,https://cdn.trychannel3.com/c3625ed4-2b89-445b-80e8-b6a0934a8f8f?aid=01M11BVV4QWMAZWM9957CHTH1J&mid=cjsD
aRrWE60,Latta Round Glasses,Eyeglasses,EyeBuyDirect,Round,2464.0,100,https://cdn.trychannel3.com/28cd6df4-7ba8-4fee-a886-a7435dc4af98?aid=01M11BTAWRHDCSZDATXF080N6Q&mid=FDzv
26zVHIP,Ivy Round Glasses,Eyeglasses,Zeal Optics,Round,2544.96,100,https://cdn.trychannel3.com/b7dff0eb-5572-45de-9232-0e9b47158eea?aid=01M11BTCPBGXAG4MQ1TC78C3HK&mid=aeSD
BlPmHyl,Hobbs Rectangle Black Glasses,Eyeglasses,Hobbs,Other,2552.0,100,https://cdn.trychannel3.com/d27ef11f-90fd-4b24-8802-b05d2977d164?aid=01M11BSSZEACWDNDBJABSYNJR1&mid=FDzv
medlLiS,Hobbs Rectangle Glasses,Eyeglasses,EyeBuyDirect,Rectangle,2552.0,100,https://cdn.trychannel3.com/d41e3663-53ba-4fa3-89a2-5afdf7ba3c26?aid=01M11BSSZEACWDNDBJABSYNJR1&mid=FDzv
bdLHVs2,KS JODIE2 XLT Womens Rectangle Reading Glasses,Eyeglasses,Kate Spade,Rectangle,2581.04,100,https://cdn.trychannel3.com/01KDFH5A5J2QHC67CVQ3T1T66Q?aid=01M11BRN7XSRA9X23ETG75Q3Q5&mid=QnTm
i9bV3rL,Rendon Square Tortoiseshell Glasses,Eyeglasses,ZEELOOL,Square,2632.96,100,https://cdn.trychannel3.com/6c034625-e806-4f9d-aec1-b5946b339570?aid=01M11BTFMDTHE5ART8Q4HAS3N7&mid=aeSD
G5FLQYM,Marshall Gray Rectangle Prescription Glasses,Eyeglasses,ZEELOOL,Rectangle,2632.96,100,https://cdn.trychannel3.com/292b4923-de85-4f79-8dac-1887911cbe77?aid=01M11BREY5PBZPK1DTKFRPF4VH&mid=aeSD
EtVTFmp,Square Glasses,Eyeglasses,Zenni,Square,2635.6,100,https://cdn.trychannel3.com/068d44ad-eca7-448e-97c1-1fbd4671a367?aid=01M11BTH9AJFHQXNJYCAZJEHK2&mid=ZYiL
JxWYgsZ,Square Glasses,Eyeglasses,Zenni,Square,2635.6,100,https://cdn.trychannel3.com/89fbc961-89ef-49ba-8431-b9af6cd3068d?aid=01M11BSNK6G8XSQQPC0TEWT84J&mid=ZYiL
L2OGpOR,Brandon Square Glasses,Eyeglasses,ZEELOOL,Square,2635.6,100,https://cdn.trychannel3.com/e9b484a9-e82f-466f-91f9-5da0412c0426?aid=01M11BSM1G66BHXZPN2FP1F2NG&mid=aeSD
N4C9wJ0,Aviator Sunglasses,Sunglasses,Zenni,Aviator,2635.6,100,https://cdn.trychannel3.com/N4C9wJ0?aid=01M11BTTQ6AGW69JN363BEYD9X&mid=ZYiL
1iAJRTX,Pattern Square Glasses,Eyeglasses,Zenni,Square,2635.6,100,https://cdn.trychannel3.com/93d2b547-544e-46ee-bbc1-2a39dfabdeee?aid=01M11BTFMDTHE5ART8Q4HAS3N7&mid=ZYiL
OeU00wQ,Square Glasses,Eyeglasses,Zenni,Aviator,2635.6,100,https://cdn.trychannel3.com/93d1fd43-e406-445e-b598-8291a8c1eb99?aid=01M11BSNK6G8XSQQPC0TEWT84J&mid=ZYiL
2laFKBU,Round Glasses,Eyeglasses,ZEELOOL,Round,2635.6,100,https://cdn.trychannel3.com/0eaa4b03-d621-4fa1-b304-d9f73ccb3e99?aid=01M11BTCPBGXAG4MQ1TC78C3HK&mid=aeSD
iDNiVCb,Rectangle Glasses,Eyeglasses,Zenni,Rectangle,2635.6,100,https://cdn.trychannel3.com/f52969a6-1426-4983-9760-0dc243ee8626?aid=01M11BSSZEACWDNDBJABSYNJR1&mid=ZYiL
6PEvVXk,Oval Glasses,Eyeglasses,Zenni,Oval,2635.6,100,https://cdn.trychannel3.com/6PEvVXk?aid=01M11BRBCEMX00PSSC7EK2PE7W&mid=ZYiL
LuYGAyG,Purple Square Glasses,Eyeglasses,Zenni,Square,2635.6,100,https://cdn.trychannel3.com/5a09e700-c009-463b-a27c-3a2056ca71e2?aid=01M11BTH9AJFHQXNJYCAZJEHK2&mid=ZYiL
zbOckeY,Square Glasses,Eyeglasses,Zenni,Square,2635.6,100,https://cdn.trychannel3.com/d37ed9f7-2bda-4b61-99fc-30c99ae45ed8?aid=01M11BTH9AJFHQXNJYCAZJEHK2&mid=ZYiL
eQ8ZlH8,Cat Eye Sunglasses,Sunglasses,GUESS,Cat Eye,2637.36,100,https://cdn.trychannel3.com/e984a308-f221-4ea0-8d14-758adb29ef9a?aid=01M11BVGEGJNJM37HW7CH6YRYP&mid=cvfe
1ZHZkX0,Marco Square Sunglasses,Sunglasses,Diff Eyewear,Square,2637.36,100,https://cdn.trychannel3.com/017af822-1859-45d3-a690-56f927b6794a?aid=01M11BV20P1TCNEDBEBP1371S8&mid=cvfe
eFmnU7Y,Geometric Sunglasses,Sunglasses,Diff Eyewear,Geometric,2637.36,100,https://cdn.trychannel3.com/15112806-63e5-4726-8525-fae0a4c933b6?aid=01M11BVSGMQS64XQC9V0C65NV6&mid=cvfe
VjjDfNz,Square Sunglasses,Sunglasses,GUESS MAINLINE,Square,2639.12,100,https://cdn.trychannel3.com/ca7e7194-b1d7-46f1-a09d-fd7f509e1b33?aid=01M11BV3TN1ARSW7EQ1YQYA71F&mid=IXIa
RXSCH2q,Cat Eye Ladies Sunglasses,Sunglasses,Fossil,Cat Eye,2639.12,100,https://cdn.trychannel3.com/aa9604aa-10a9-4928-98c5-f978baf7846d?aid=01M11BT68EET3WVTHRWMC11Y77&mid=IXIa
USbc9Eh,Oversized Angular Sunglasses,Sunglasses,Madewell,Cat Eye,2639.12,100,https://cdn.trychannel3.com/9dda091a-1dc6-47ec-8238-c4760ceeb00c?aid=01M11BVXWZDW17N8GEAJD132T1&mid=kP3z
0gs42ZQ,Pro Elite Paddlesports Eyewear,Racquetball & Squash Eyewear,Head,Other,2639.12,100,https://cdn.trychannel3.com/3b04138e-a972-47ba-a9f2-539b9cf7a7e0?aid=01M11BRX3HPQR248BM1AHJ3TTA&mid=98k8
SdWzZfN,Sunday Afternoon Oversized Aviator Sunglasses,Sunglasses,Free People,Aviator,2640.0,100,https://cdn.trychannel3.com/b817a597-61b0-42f7-ac36-91e330d7df68?aid=01M11BTNCGRD82TPBV5JXEJV7E&mid=ICa0
NbI5Uhf,Sunday Afternoon Oversized Aviator Sunglasses,Sunglasses,Free People,Aviator,2640.0,100,https://cdn.trychannel3.com/b16b8d38-8331-4612-9e0c-8064e67ab4b5?aid=01M11BTNCGRD82TPBV5JXEJV7E&mid=ICa0
fPB7DVg,Stella Round Sunglasses,Sunglasses,Free People,Round,2640.0,100,https://cdn.trychannel3.com/e2fa647a-d386-4416-8d1f-bcc4be321f2d?aid=01M11BTXJZMJ73J0P0AAPEMPY7&mid=ICa0
EprXbq4,OG Running Sunglasses,Sunglasses,goodr,Other,2640.0,100,https://cdn.trychannel3.com/7c742ff6-f1ca-485f-9af2-276af062a860?aid=01M11BRX3HPQR248BM1AHJ3TTA&mid=aD8G
DTIKbLx,Round Sunglasses,Sunglasses,Free People,Round,2640.0,100,https://cdn.trychannel3.com/1699ef8c-b198-48e4-b42f-270737793ea2?aid=01M11BTXJZMJ73J0P0AAPEMPY7&mid=ICa0
jVWuDrK,Tortoiseshell Round Glasses,Eyeglasses,Zenni,Round,2811.6,100,https://cdn.trychannel3.com/349e06fd-8228-460b-8142-63ec9beb09d1?aid=01M11BTCPBGXAG4MQ1TC78C3HK&mid=ZYiL
dygodUT,Rectangle Glasses,Eyeglasses,Zenni,Rectangle,2811.6,100,https://cdn.trychannel3.com/3bf58192-3582-4a46-9337-246b9b379c49?aid=01M11BSSZEACWDNDBJABSYNJR1&mid=ZYiL
oPRn1tK,Oversized Aviator Sunglasses,Sunglasses,Oak and Fort,Aviator,2816.0,100,https://cdn.trychannel3.com/a21eadc6-c3bd-419e-a311-56b50d390692?aid=01M11BVZFQ8CDJ55YMJQPG8PQN&mid=7Hdn
hAOqb2G,Oversized Square Sunglasses,Sunglasses,Oak and Fort,Square,2816.0,100,https://cdn.trychannel3.com/4b23e4e4-15f8-4155-8882-c80a46c13db7?aid=01M11BV3TN1ARSW7EQ1YQYA71F&mid=7Hdn
Ql41zJb,Rectangle Sunglasses,Sunglasses,Zenni,Rectangle,2899.6,100,https://cdn.trychannel3.com/dd663b0d-72e7-42b6-8b8e-3e0d787e2d29?aid=01M11BV8M566P5VH2FK9329FKG&mid=ZYiL
fNyhY5Z,Aviator Sunglasses,Sunglasses,Zenni,Aviator,2899.6,100,https://cdn.trychannel3.com/463b4089-f787-4f0d-ae75-3f6faf12f883?aid=01M11BTTQ6AGW69JN363BEYD9X&mid=ZYiL
OSNqeUF,Round Glasses,Eyeglasses,Zenni,Aviator,2899.6,100,https://cdn.trychannel3.com/ce2860dd-9847-4fd7-8cff-17a32765da72?aid=01M11BTCPBGXAG4MQ1TC78C3HK&mid=ZYiL
XBKntXI,Round Glasses,Eyeglasses,Zenni,Round,2899.6,100,https://cdn.trychannel3.com/0951d5ef-8bfd-4fd2-bb92-9e859d11caaf?aid=01M11BTCPBGXAG4MQ1TC78C3HK&mid=ZYiL
FO9FQES,Square Glasses,Eyeglasses,Zenni,Square,2899.6,100,https://cdn.trychannel3.com/bf772464-6048-453f-b3b5-4411cf3bc11c?aid=01M11BTH9AJFHQXNJYCAZJEHK2&mid=ZYiL
pxQLekm,Geometric Sunglasses,Sunglasses,Zenni,Geometric,2899.6,100,https://cdn.trychannel3.com/e0854f14-8bdf-4684-9a7d-0a94126a1d64?aid=01M11BVV4QWMAZWM9957CHTH1J&mid=ZYiL
jMeTc8w,Round Sunglasses,Sunglasses,Zenni,Round,2899.6,100,https://cdn.trychannel3.com/jMeTc8w?aid=01M11BTXJZMJ73J0P0AAPEMPY7&mid=ZYiL
R2jcMXA,Round Sunglasses,Sunglasses,IZIPIZI,Round,2901.36,100,https://cdn.trychannel3.com/635072ab-79eb-4675-ba9c-e2e3f3df4f9a?aid=01M11BTXJZMJ73J0P0AAPEMPY7&mid=cvfe
8H7lVTW,Lightworks Round Glasses,Eyeglasses,EyeBuyDirect,Round,2904.0,100,https://cdn.trychannel3.com/b3b64f00-b3ff-4563-9aae-79e0947e792d?aid=01M11BTCPBGXAG4MQ1TC78C3HK&mid=FDzv
uurUGFC,Janice Round Glasses,Eyeglasses,EyeBuyDirect,Round,2904.0,100,https://cdn.trychannel3.com/c1d32c34-9f65-473a-bddf-1d1e91dc7518?aid=01M11BTAWRHDCSZDATXF080N6Q&mid=FDzv
7w9XZnw,Cream Round Glasses,Eyeglasses,Zenni,Round,2987.6,100,https://cdn.trychannel3.com/ad9afd87-8320-4d30-999c-f65b9fc9274c?aid=01M11BTCPBGXAG4MQ1TC78C3HK&mid=ZYiL
tJXNLAB,Rectangle Sunglasses,Sunglasses,VICI Collection,Rectangle,2992.0,100,https://cdn.trychannel3.com/b0737993-7860-4ca1-b48f-346ca2e67068?aid=01M11BV6T7W6NWG5K6JS2H0NRR&mid=nQqG
OlSF1bb,Tortoiseshell Square Glasses,Eyeglasses,Zenni,Square,3075.6,100,https://cdn.trychannel3.com/6d220e11-f57b-4d40-bcf5-fa9fa42aa610?aid=01M11BTFMDTHE5ART8Q4HAS3N7&mid=ZYiL
TQ5NDRr,Square Glasses,Eyeglasses,Zenni,Square,3075.6,100,https://cdn.trychannel3.com/5c6a632d-e63a-40b3-8156-9768b5955786?aid=01M11BTH9AJFHQXNJYCAZJEHK2&mid=ZYiL
ojRgL1e,The Everyday Sunglasses,Sunglasses,cotton On,Other,3079.12,100,https://cdn.trychannel3.com/f58a1a8a-4401-4e18-8a7e-16ef25686775?aid=01M11BS3FXXC8EQ4KP1915G608&mid=hQYc
akNZjoh,Palomas Oversized Cat Eye Trendy Sunglasses,Sunglasses,Knockaround,Cat Eye,3080.0,100,https://cdn.trychannel3.com/b7ae629d-8dd8-40e2-bf54-91fb3204fd84?aid=01M11BTKZCV6DDXSBTPB833W5S&mid=XZl2
2x9GHvQ,Groove Round Glasses,Eyeglasses,EyeBuyDirect,Round,3080.0,100,https://cdn.trychannel3.com/9bfaf209-17f2-45c7-a73b-eb1ba7c437fc?aid=01M11BTAWRHDCSZDATXF080N6Q&mid=FDzv
COOvsbc,Demo Rectangle Glasses For Men,Eyeglasses,EyeBuyDirect,Rectangle,3080.0,100,https://cdn.trychannel3.com/e4048d4d-ef24-4e87-89aa-5c5b20c51f9c?aid=01M11BSR8SWWC3VFNYM83JVD4T&mid=FDzv
LvFw3Qp,Reading Glasses,Eyeglasses,Nordstrom,Other,3080.0,100,https://cdn.trychannel3.com/LvFw3Qp?aid=01M11BRKMDZHBXR0QE8DNCQVRN&mid=asdf
MNR93ec,Teo Geometric Gradient Matte Frame Sunglasses For Women,Sunglasses,EyeBuyDirect,Other,3080.0,100,https://cdn.trychannel3.com/d3d05e60-9ceb-4e62-a6ae-a0f90675a22b?aid=01M11BSWX4C2F6BP3DZ3CNF2W2&mid=FDzv
d5uX1ww,Square Glasses,Eyeglasses,Zenni,Square,3163.6,100,https://cdn.trychannel3.com/f36df3a4-388a-4f8a-8e85-490fd7cca66e?aid=01M11BTFMDTHE5ART8Q4HAS3N7&mid=ZYiL
ryHSpsI,Blue Square Sunglasses,Sunglasses,Zenni,Square,3163.6,100,https://cdn.trychannel3.com/186b8737-a9c2-4fb0-8c1f-ee6f3722735f?aid=01M11BV3TN1ARSW7EQ1YQYA71F&mid=ZYiL
gxbFziH,Black Lace Square Glasses,Eyeglasses,Zenni,Square,3163.6,100,https://cdn.trychannel3.com/02c81514-1487-4fd8-9f66-fadff394d961?aid=01M11BTFMDTHE5ART8Q4HAS3N7&mid=ZYiL
w6kM0rJ,Philadelphia Phillies Premiums Sport Sunglasses,Sunglasses,Kohl's,Other,3168.0,100,https://cdn.trychannel3.com/2b55e64c-4a46-4854-8afa-912a49bade68?aid=01M11BRX3HPQR248BM1AHJ3TTA&mid=Z87s
EQlHZew,Fossil FOS 2151/G/S,Sunglasses,Fossil,Square,3256.0,100,https://cdn.trychannel3.com/39eb1898-d002-4da7-abf3-4e4fe0c3cbf0?aid=01M11BSYQCHVKQYA2XNYMD9MW3&mid=gMFs
jX2j1CF,Aviator Sunglasses - XFM162X80144,Sunglasses,Fossil,Aviator,3256.0,100,https://cdn.trychannel3.com/0ed167f6-f381-4e4e-b7d5-4f1cd4ba4c14?aid=01M11BSD61BRR0ZZNK6QTF02DN&mid=gMFs
8ZZjgkY,Round Clear Glasses,Eyeglasses,ZEELOOL,Round,3256.0,100,https://cdn.trychannel3.com/27e4f596-57dd-4ef1-9fc1-c0c1cdad5c09?aid=01M11BTCPBGXAG4MQ1TC78C3HK&mid=aeSD
zdVzeoE,Cat Eye Sunglasses,Sunglasses,VICI Collection,Cat Eye,3344.0,100,https://cdn.trychannel3.com/66fb5b30-d48d-47a5-b53f-64adf06412ed?aid=01M11BT68EET3WVTHRWMC11Y77&mid=nQqG
y1419gp,Modern Oval Sunglasses,Sunglasses,Anthropologie,Oval,3344.0,100,https://cdn.trychannel3.com/bd6073dc-a160-480c-ba27-69c6f789e259?aid=01M11BVBR2VJCQSEBC87MM22NK&mid=gb5P
ronEUoo,Wayfarer Sunglasses,Sunglasses,Los Angeles Apparel,Wayfarer,3432.0,100,https://cdn.trychannel3.com/cbf32935-2bd3-4188-bcf4-0efb6cdbc077?aid=01M11BVPSN0RP6RM7ETE4HK327&mid=qyiO
0StlCQO,Wayfarer Sunglasses,Sunglasses,Matt & Nat,Wayfarer,3432.0,100,https://cdn.trychannel3.com/191707f5-2c0c-4571-bae4-c82d88b2e0b4?aid=01M11BVPSN0RP6RM7ETE4HK327&mid=yW33
Oh9XMUz,Wayfarer sunglasses,Sunglasses,Harley-Davidson,Wayfarer,3432.0,100,https://cdn.trychannel3.com/Oh9XMUz?aid=01M11BVPSN0RP6RM7ETE4HK327&mid=YJBc
XjKenig,Carson | Blue Light Glasses,Eyeglasses,WMP Eyewear,Rectangle,3432.0,100,https://cdn.trychannel3.com/0cd1f5c2-867a-4502-b13f-4150af05b675?aid=01M11BRRBYDXKF9H1BDHPE7JWA&mid=RImE
Ztww8Tj,Cora | Blue Light Glasses,Vision Care,WMP Eyewear,Round,3432.0,100,https://cdn.trychannel3.com/5e61659f-90be-4719-917c-98a0dba6b648?aid=01M11BRRBYDXKF9H1BDHPE7JWA&mid=RImE
UggJn6i,OTIS Oval Sunglasses,Sunglasses,Matt & Nat,Oval,3432.0,100,https://cdn.trychannel3.com/UggJn6i?aid=01M11BVDG61533RD7HP9ZHZG57&mid=yW33
mTNgwXA,Nolan Prescription Glasses,Eyeglasses,WMP Eyewear,Other,3432.0,100,https://cdn.trychannel3.com/3430567d-0f9f-4db4-af18-0e78ee73d75e?aid=01M11BREY5PBZPK1DTKFRPF4VH&mid=RImE
ielLpgD,Owen | Blue Light Glasses,Vision Care,WMP Eyewear,Other,3432.0,100,https://cdn.trychannel3.com/0fab4df8-c606-47f3-ac1f-52ce221460ec?aid=01M11BRRBYDXKF9H1BDHPE7JWA&mid=RImE
lXZsdSB,High Flyin’ Glasses,Eyeglasses,Zenni,Aviator,3515.6,100,https://cdn.trychannel3.com/lXZsdSB?aid=01M11BRGTFV3G6KW5PRZ0M6WVX&mid=ZYiL
9BunIHp,Round Sunglasses,Sunglasses,Zenni,Round,3515.6,100,https://cdn.trychannel3.com/7c9f4bf0-170f-46c0-b2b7-eeba4d4b03b4?aid=01M11BTXJZMJ73J0P0AAPEMPY7&mid=ZYiL
xoGrEk0,Vogel SL Eyeguards,Sunglasses,Tifosi Optics,Other,3515.6,100,https://cdn.trychannel3.com/37e892e0-44c9-4a29-b75a-39bba293f827?aid=01M11BRX3HPQR248BM1AHJ3TTA&mid=DoRK
gKnIzwx,Geometric Sunglasses,Sunglasses,Zenni,Geometric,3515.6,100,https://cdn.trychannel3.com/176b6442-f101-4712-8882-f4931aa8e058?aid=01M11BTNCGRD82TPBV5JXEJV7E&mid=ZYiL
VomS7On,Oval Sunglasses,Sunglasses,Zenni,Oval,3515.6,100,https://cdn.trychannel3.com/437d4472-f3a6-455f-9338-936f728fb975?aid=01M11BVDG61533RD7HP9ZHZG57&mid=ZYiL
zaTAHyg,Sanctum Eyeguards,Sunglasses,Tifosi Optics,Wayfarer,3515.6,100,https://cdn.trychannel3.com/ac2eced7-82c7-44c6-9ac0-3343ba2ce4e1?aid=01M11BRX3HPQR248BM1AHJ3TTA&mid=DoRK
7zi1A1N,Club Eyewear,Racquetball & Squash Eyewear,Dunlop,Other,3515.6,100,https://cdn.trychannel3.com/c89217a0-edfd-4b12-be4c-8b4f496b0c57?aid=01M11BRYZDM7972JP72S04KP5N&mid=DoRK
Pjupbsn,Rectangle Sports Glasses,Sunglasses,Zenni,Other,3515.6,100,https://cdn.trychannel3.com/f2c7b5ee-9fb1-4d73-9543-72e42497e962?aid=01M11BRX3HPQR248BM1AHJ3TTA&mid=ZYiL
IeIYrt6,Copper/brown Rectangle Glasses,Eyeglasses,Zenni,Rectangle,3515.6,100,https://cdn.trychannel3.com/760c8f4a-54e9-4741-b0b3-fef9ca1b0963?aid=01M11BSSZEACWDNDBJABSYNJR1&mid=ZYiL
65FgL62,58mm Oval Sunglasses,Sunglasses,Cole Haan,Oval,3517.36,100,https://cdn.trychannel3.com/79b56f4e-392c-44fe-8681-4e2ff8457855?aid=01M11BVDG61533RD7HP9ZHZG57&mid=cvfe
1Rycpct,Square Sunglasses,Sunglasses,GUESS,Aviator,3517.36,100,https://cdn.trychannel3.com/360830f8-d03b-42e4-b9de-a23f2cc38566?aid=01M11BV3TN1ARSW7EQ1YQYA71F&mid=cvfe
IwaP0JG,Cat Eye Ladies Sunglasses,Sunglasses,Longchamp,Cat Eye,3519.12,100,https://cdn.trychannel3.com/9195ae89-25ec-477c-95ad-7a8562bb495c?aid=01M11BT68EET3WVTHRWMC11Y77&mid=IXIa
uIsefiS,Robert Sunglasses,Sunglasses,White Fox Boutique,Other,3519.12,100,https://cdn.trychannel3.com/09715515-4347-4619-a4e7-f0be4d8832ea?aid=01M11BSYQCHVKQYA2XNYMD9MW3&mid=CIF8
yW6HWmu,Robert Blue Light Glasses,Eyeglasses,White Fox Boutique,Aviator,3519.12,100,https://cdn.trychannel3.com/10ea926e-51b3-48e1-836e-4d8c9ca20cdd?aid=01M11BRT3F8230HENY69FX2E82&mid=CIF8
FlpKokB,Diff Jaxson 51mm Square Blue Light Blocking Glasses,Eyeglasses,Diff Eyewear,Square,3519.12,100,https://cdn.trychannel3.com/4cc8edfb-cfa6-4a21-899e-b87146abcf96?aid=01M11BRRBYDXKF9H1BDHPE7JWA&mid=asdf
QjPY3FA,Wayfarer Sunglasses,Sunglasses,Banana Republic,Wayfarer,3520.0,100,https://cdn.trychannel3.com/a6d4a510-5c3b-4aaa-b305-0435152515ec?aid=01M11BVPSN0RP6RM7ETE4HK327&mid=RGkP
8TtYorQ,Wayfarer Sunglasses,Sunglasses,Banana Republic Factory,Wayfarer,3520.0,100,https://cdn.trychannel3.com/d61ae282-c63a-4a05-8f5d-ed7c301c651b?aid=01M11BVPSN0RP6RM7ETE4HK327&mid=RGkP
OCdRyn4,Knockaround MLB Sunglasses,Sunglasses,Knockaround,Other,3520.0,100,https://cdn.trychannel3.com/673f22c8-11c9-48c4-82a8-3280378cbede?aid=01M11BRYZDM7972JP72S04KP5N&mid=XZl2
fLxzmRi,Vogel SL,Sunglasses,Tifosi Optics,Other,3520.0,100,https://cdn.trychannel3.com/e1b0a1dc-12e9-4d96-a2d2-ef02b8eb8806?aid=01M11BRX3HPQR248BM1AHJ3TTA&mid=aD8G
IUyequ4,Rectangle Glasses,Eyeglasses,Zenni,Rectangle,3603.6,100,https://cdn.trychannel3.com/26c315e1-6500-4ddd-aae1-d5cf578f0ad3?aid=01M11BSSZEACWDNDBJABSYNJR1&mid=ZYiL
tmYgP9B,Aviator Sunglasses,Sunglasses,MKI MIYUKI ZOKU,Aviator,3696.0,100,https://cdn.trychannel3.com/ee2b2f5e-b205-4753-91ec-187772243c6b?aid=01M11BTR6RNDHH7SH1QV2DWF7Y&mid=Eq2T
OFvmokc,Hollywood Aviator Sunglasses,Sunglasses,MVMT,Aviator,3696.0,100,https://cdn.trychannel3.com/88959569-e139-40b3-8369-85af80228cf3?aid=01M11BSD61BRR0ZZNK6QTF02DN&mid=xuGj
KzVqnDo,Aviator Sunglasses,Sunglasses,MKI MIYUKI ZOKU,Aviator,3696.0,100,https://cdn.trychannel3.com/c9939a04-12c0-4eb2-a2d5-f02d569a2524?aid=01M11BTR6RNDHH7SH1QV2DWF7Y&mid=Eq2T
oJyF5BG,Cat Eye Sunglasses,Sunglasses,The Sis Kiss,Cat Eye,3696.0,100,https://cdn.trychannel3.com/oJyF5BG?aid=01M11BVJ1PFMQMD5V55VXX9ADS&mid=asdf
gETvQIn,Particle Round Glasses,Eyeglasses,EyeBuyDirect,Round,3784.0,100,https://cdn.trychannel3.com/05eddea3-b9b3-4594-ae23-380692d00df3?aid=01M11BTCPBGXAG4MQ1TC78C3HK&mid=FDzv
j3EfO1c,Messenger Oval Glasses,Eyeglasses,EyeBuyDirect,Oval,3784.0,100,https://cdn.trychannel3.com/4abb7172-5fc7-44db-8ba9-e4f4215ef4be?aid=01M11BT1GR487Q5WC7FGTWJMSD&mid=FDzv
DHFGHZv,Guru Light Golden Round Sunglasses,Sunglasses,EyeBuyDirect,Round,3784.0,100,https://cdn.trychannel3.com/67b62034-867a-47be-b16c-1b7ed914024a?aid=01M11BTZA1GK1ZGZSDSXHYR3B5&mid=FDzv
GzIaQSH,California Rectangle Glasses,Eyeglasses,EyeBuyDirect,Rectangle,3784.0,100,https://cdn.trychannel3.com/4391fa66-6292-440b-b96e-b434c00a5c49?aid=01M11BSR8SWWC3VFNYM83JVD4T&mid=FDzv
7txVlzy,California Rectangle Clear Brown Glasses,Eyeglasses,EyeBuyDirect,Other,3784.0,100,https://cdn.trychannel3.com/56188624-5dd0-4bb9-aa44-c6fc792e81de?aid=01M11BSR8SWWC3VFNYM83JVD4T&mid=FDzv
3RvcFC5,Lacoste Men Sunglasses L683S 414,Sunglasses,Lacoste,Wayfarer,3958.24,100,https://cdn.trychannel3.com/7fc86423-ad29-4f38-85b6-c5badcda2ae7?aid=01M11BS1SX7E0ZE114BNEJZEYX&mid=ak4n
rHrjVVS,Rectangular Men's Eyeglasses,Eyeglasses,Armani,Rectangle,3959.12,100,https://cdn.trychannel3.com/af7869ba-fa5b-4017-ac0d-f9011956886a?aid=01M11BS6BVM15Z7W0WQ66BKBYY&mid=IXIa
QWnRE0Q,Flex G Sunglasses,Sunglasses,goodr,Other,3960.0,100,https://cdn.trychannel3.com/ff073c85-c801-49e5-91c0-f48280a9d25c?aid=01M11BRYZDM7972JP72S04KP5N&mid=dLvD
UjxLMrw,Embossed Temple Cat-eye Sunglasses,Sunglasses,Jessica Simpson,Cat Eye,3960.0,100,https://cdn.trychannel3.com/c8444e55-da59-4aad-b583-0b54eb4f2665?aid=01M11BT8274GQM3Z2Q4KAQKY59&mid=7uRn
cKCpfG0,Oversized Shield Sunglasses,Sunglasses,Jessica Simpson,Other,3960.0,100,https://cdn.trychannel3.com/90b16031-b3d1-4baa-87c0-de979c597067?aid=01M11BTNCGRD82TPBV5JXEJV7E&mid=a3os
7ucxxjr,Aviator Glasses,Eyeglasses,Zenni,Aviator,4043.6,100,https://cdn.trychannel3.com/c3fa6f70-7859-44af-aacb-dd8529d8615e?aid=01M11BS84FEGSJSR7EAG9RH7F0&mid=ZYiL
C2RBkg9,Instance Rectangle Glasses For Men,Eyeglasses,EyeBuyDirect,Rectangle,4048.0,100,https://cdn.trychannel3.com/62524e01-204a-41f7-8a66-b670a7401021?aid=01M11BSR8SWWC3VFNYM83JVD4T&mid=FDzv
4iWydN6,Instance Rectangle Glasses For Men,Eyeglasses,EyeBuyDirect,Rectangle,4048.0,100,https://cdn.trychannel3.com/523eb3f7-3901-4f1b-9557-c01b25a3ab78?aid=01M11BS6BVM15Z7W0WQ66BKBYY&mid=FDzv
ubIATk7,Center Aviator Sunglasses,Sunglasses,EyeBuyDirect,Aviator,4048.0,100,https://cdn.trychannel3.com/c8626afc-0e5f-48be-81f4-14d532a6c358?aid=01M11BSB0Y5XBPX12GTTXWK0AR&mid=FDzv
NgH6tYa,Gallery Women's Sunglasses,Sunglasses,EyeBuyDirect,Cat Eye,4136.0,100,https://cdn.trychannel3.com/28c536db-f2ed-43c7-aabf-f51e44ccb424?aid=01M11BT68EET3WVTHRWMC11Y77&mid=FDzv
K0OeqhT,54mm Square Sunglasses,Sunglasses,Marshall's,Square,4224.0,100,https://cdn.trychannel3.com/ccaddfad-1153-4eef-8d52-525d3ca4d1f8?aid=01M11BV20P1TCNEDBEBP1371S8&mid=jRDL
22IFLOm,Square Sunglasses,Sunglasses,Ann Taylor,Square,4224.0,100,https://cdn.trychannel3.com/0834b815-e681-4093-b8d6-571ef24e9096?aid=01M11BV3TN1ARSW7EQ1YQYA71F&mid=9Iyo
Y1As1TU,Eyeking Aviator Sunglasses,Sunglasses,Anthropologie,Aviator,4224.0,100,https://cdn.trychannel3.com/a087ec8b-abfb-428b-978f-37132109eb37?aid=01M11BTNCGRD82TPBV5JXEJV7E&mid=gb5P
MfTf40d,BE4417U Sunglasses,Sunglasses,Burberry,Aviator,4224.0,100,https://cdn.trychannel3.com/88accb1a-5d4c-484b-a6f2-709ca139b8eb?aid=01M11BSD61BRR0ZZNK6QTF02DN&mid=qqoU
wGIKEIJ,Oval Ladies Eyeglasses,Eyeglasses,Salvatore Ferragamo,Other,4311.12,100,https://cdn.trychannel3.com/wGIKEIJ?aid=01M11BT1GR487Q5WC7FGTWJMSD&mid=IXIa
HGOnty5,Oversized Aviator Sunglasses,Sunglasses,H&M,Aviator,4312.0,100,https://cdn.trychannel3.com/a950e6ac-44be-4f21-80ab-8d6f34b2e78d?aid=01M11BVZFQ8CDJ55YMJQPG8PQN&mid=Z4b8
1Mm1C1A,Oval-Frame Sunglasses,Sunglasses,& Other Stories,Other,4312.0,100,https://cdn.trychannel3.com/0756668c-175f-4cd3-ae7f-60c583c3a87a?aid=01M11BVDG61533RD7HP9ZHZG57&mid=Z4b8
P3xwGJP,Jolie Women's Sunglasses,Sunglasses,EyeBuyDirect,Cat Eye,4312.0,100,https://cdn.trychannel3.com/13f2375e-d94b-4fe3-8677-95629ec3a61d?aid=01M11BT68EET3WVTHRWMC11Y77&mid=FDzv
Fs8DMAT,Aviator Sunglasses,Sunglasses,Free Country,Aviator,4312.0,100,https://cdn.trychannel3.com/d67ae6cb-44a5-4f87-81f7-83e957457bd4?aid=01M11BSB0Y5XBPX12GTTXWK0AR&mid=dCgO
OicCGtI,Catch Matte Striped,Sunglasses,EyeBuyDirect,Other,4312.0,100,https://cdn.trychannel3.com/ee5bb4a7-54c5-4106-b105-87e1875f04de?aid=01M11BS3FXXC8EQ4KP1915G608&mid=FDzv
k1mcGUQ,Oversized Aviator Sunglasses,Sunglasses,& Other Stories,Aviator,4312.0,100,https://cdn.trychannel3.com/fab645a1-e2c8-4838-a255-1e9b7b65a3b2?aid=01M11BVXWZDW17N8GEAJD132T1&mid=Z4b8
l10UNgp,Astori Round Glasses,Eyeglasses,EyeBuyDirect,Round,4312.0,100,https://cdn.trychannel3.com/e30b4049-00ac-4ae7-a353-ee98fad808e6?aid=01M11BTCPBGXAG4MQ1TC78C3HK&mid=FDzv
zy3PGGP,Men's Wayfarer Sunglasses,Sunglasses,Harley-Davidson,Wayfarer,4378.0,100,https://cdn.trychannel3.com/8f015121-5d73-4de5-a02b-ca9cf49c5f69?aid=01M11BVN0YM0AY1022DYMQ4AVA&mid=mn23
XvbVwrh,Defenders Glasses,Sunglasses,Zenni,Other,4395.6,100,https://cdn.trychannel3.com/9b1084a8-cfd1-4cba-97d2-d12ee2075e28?aid=01M11BS3FXXC8EQ4KP1915G608&mid=ZYiL
9e3XXPp,Round Sunglasses,Sunglasses,adidas,Round,4397.36,100,https://cdn.trychannel3.com/817a2c59-7c6b-4386-985f-b86c9e6f0e08?aid=01M11BSHD1Q26AFWZR9P4FHVNP&mid=cvfe
NU05cUc,Round Sunglasses,Sunglasses,Ted Baker,Round,4397.36,100,https://cdn.trychannel3.com/8d9f9ce1-209e-415f-8583-bdd0f865e5a2?aid=01M11BSHD1Q26AFWZR9P4FHVNP&mid=cvfe
fZaC3O7,Cat Eye Sunglasses,Sunglasses,Ted Baker,Cat Eye,4397.36,100,https://cdn.trychannel3.com/d50a4f1f-e377-4cc8-b575-1651701bf689?aid=01M11BVGEGJNJM37HW7CH6YRYP&mid=cvfe
voETvsT,Protective Eyewear,Racquetball & Squash Eyewear,Dunlop,Other,4399.12,100,https://cdn.trychannel3.com/3b69a68e-4ba7-4549-96b6-6067a58c373d?aid=01M11BRX3HPQR248BM1AHJ3TTA&mid=CflZ
uWy1938,Cat Eye Ladies Eyeglasses,Eyeglasses,Pucci,Cat Eye,4399.12,100,https://cdn.trychannel3.com/bca240a2-7dfb-4e4b-bc2d-44b4cfbd5698?aid=01M11BT1GR487Q5WC7FGTWJMSD&mid=IXIa
3t922rH,Sunglasses,Sunglasses,Marshall's,Aviator,4399.12,100,https://cdn.trychannel3.com/cca9742b-2a89-4e7a-82d8-e32b709125a2?aid=01M11BR4KFKJCEKWZW9T913FM4&mid=jRDL
Kg3OK4u,Rectangle Glasses Frames For Men,Eyeglasses,ZEELOOL,Rectangle,4400.0,100,https://cdn.trychannel3.com/ce909fbd-91db-4fb1-a35d-34b31629a5f0?aid=01M11BSR8SWWC3VFNYM83JVD4T&mid=aeSD
4qCW9HQ,Oval Sunglasses,Sunglasses,CorLiving,Oval,4400.0,100,https://cdn.trychannel3.com/31a5feeb-beec-4a78-8585-4b3358738498?aid=01M11BVBR2VJCQSEBC87MM22NK&mid=asdf
vFGc4mH,Polarized Geometric Sunglasses,Sunglasses,Nordstrom,Geometric,4400.0,100,https://cdn.trychannel3.com/vFGc4mH?aid=01M11BVSGMQS64XQC9V0C65NV6&mid=asdf
AgwWrzU,#E Reading Glasses,Eyeglasses,IZIPIZI,Other,4400.0,100,https://cdn.trychannel3.com/ed3cf853-16c2-489e-916f-a9cfdc5b8efb?aid=01M11BRKMDZHBXR0QE8DNCQVRN&mid=asdf
WRqqYd2,Rectangle Sunglasses,Sunglasses,Jessica Simpson,Rectangle,4400.0,100,https://cdn.trychannel3.com/b5026f6d-3259-4a5a-8d5f-88f3fa9f3328?aid=01M11BV6T7W6NWG5K6JS2H0NRR&mid=a3os
jWXNU70,Modern Cat Eye Sunglasses,Sunglasses,Jessica Simpson,Cat Eye,4400.0,100,https://cdn.trychannel3.com/1a68ef1c-c4a3-46e7-8af6-b67aefe488cb?aid=01M11BT8274GQM3Z2Q4KAQKY59&mid=a3os
iytqNLg,Wayfarer Sunglasses,Sunglasses,Los Angeles Apparel,Wayfarer,4576.0,100,https://cdn.trychannel3.com/cf62b19c-b6ad-42b5-85fe-16e948bcfbf9?aid=01M11BVN0YM0AY1022DYMQ4AVA&mid=qyiO
poAyTqM,Noun Round Glasses For Women,Eyeglasses,EyeBuyDirect,Round,4664.0,100,https://cdn.trychannel3.com/820043ad-5cbc-4d3a-a7a0-d3c9f476d3b0?aid=01M11BTAWRHDCSZDATXF080N6Q&mid=FDzv
JS2PKkW,Hollie Round Clear Glasses,Eyeglasses,EyeBuyDirect,Other,4664.0,100,https://cdn.trychannel3.com/fd2dadb2-1dd5-4eef-ac18-e22582a28acf?aid=01M11BTAWRHDCSZDATXF080N6Q&mid=FDzv
I2yRYyC,Demo Square Men's Eyeglasses,Eyeglasses,Victoria Beckham,Square,4839.12,100,https://cdn.trychannel3.com/eedb576d-4ee4-4765-8243-2cb0cb50eb3e?aid=01M11BSM1G66BHXZPN2FP1F2NG&mid=IXIa
WbKjY1B,Oversized Aviator Sunglasses,Sunglasses,& Other Stories,Aviator,4840.0,100,https://cdn.trychannel3.com/dc689ec9-669a-45a3-8135-d673e777eb3b?aid=01M11BVZFQ8CDJ55YMJQPG8PQN&mid=Z4b8
q4P4rp4,Clifton Square Frame Sunglasses,Sunglasses,EyeBuyDirect,Square,4928.0,100,https://cdn.trychannel3.com/d0cdb5ae-42fe-4d40-bd2c-9dd1e9cb2d3b?aid=01M11BS1SX7E0ZE114BNEJZEYX&mid=FDzv
DqnOCQf,Oval Sunglasses,Sunglasses,GUESS MAINLINE,Oval,5103.12,100,https://cdn.trychannel3.com/5d379d18-a4cb-4172-ae09-539ae9c82945?aid=01M11BSYQCHVKQYA2XNYMD9MW3&mid=ZYiL
AmquFaP,Aviator Sunglasses,Sunglasses,Uncommon James,Aviator,5104.0,100,https://cdn.trychannel3.com/23d57b17-33b8-493e-a624-2d16fc076e22?aid=01M11BTTQ6AGW69JN363BEYD9X&mid=CP16
N7rNgrn,Pld 4059/S Sunglasses,Sunglasses,Polaroid,Other,5116.32,100,https://cdn.trychannel3.com/8e3cbe88-c9da-4c90-bb4b-8d8a678753f5?aid=01M11BSWX4C2F6BP3DZ3CNF2W2&mid=YZfD
XiTKQRf,Pld 2058/S Sunglasses,Sunglasses,Polaroid,Rectangle,5116.32,100,https://cdn.trychannel3.com/ca01c9aa-93a0-4f4b-8d9b-95f080d73e10?aid=01M11BS1SX7E0ZE114BNEJZEYX&mid=YZfD
X8NwPxP,Titan Rectangle Glasses,Eyeglasses,TITAN,Rectangle,5192.0,100,https://cdn.trychannel3.com/ce1aa963-2b16-493c-ab97-3b5278fcd4e6?aid=01M11BSR8SWWC3VFNYM83JVD4T&mid=FDzv
v0t3Vu6,Latte Square Glasses,Eyeglasses,EyeBuyDirect,Square,5192.0,100,https://cdn.trychannel3.com/2c57ffa8-20b3-443d-bd81-7b698c46b194?aid=01M11BTH9AJFHQXNJYCAZJEHK2&mid=FDzv
eN3MBUX,Rectangular Reading Glasses,Eyeglasses,Nordstrom,Rectangle,5192.0,100,https://cdn.trychannel3.com/eN3MBUX?aid=01M11BRN7XSRA9X23ETG75Q3Q5&mid=asdf
mCaJ6Od,Riddle Sunglasses,Sunglasses,EyeBuyDirect,Rectangle,5192.0,100,https://cdn.trychannel3.com/d5d1c61d-c35c-49d4-9558-d192a17ad32d?aid=01M11BS1SX7E0ZE114BNEJZEYX&mid=FDzv
WRtyrj5,Grace Oversized Cat Eye Sunglasses,Sunglasses,Diff Eyewear,Cat Eye,5192.0,100,https://cdn.trychannel3.com/9e7ab325-d172-468c-af33-50f195b58d25?aid=01M11BTNCGRD82TPBV5JXEJV7E&mid=giUy
AtOvEgA,Kenneth Square Glasses,Eyeglasses,EyeBuyDirect,Square,5192.0,100,https://cdn.trychannel3.com/a6654770-7843-43b0-b815-ad68bbd2e924?aid=01M11BSM1G66BHXZPN2FP1F2NG&mid=FDzv
LFl2avo,Capacious Rectangle Matte Glasses,Eyeglasses,EyeBuyDirect,Other,5192.0,100,https://cdn.trychannel3.com/bd980317-b4bb-4c79-bdce-5f6a5ac806f1?aid=01M11BSR8SWWC3VFNYM83JVD4T&mid=FDzv
qsdekFP,Ninah Round Glasses,Eyeglasses,EyeBuyDirect,Round,5192.0,100,https://cdn.trychannel3.com/06d31f0c-5392-4fbf-a8ff-e126b92b8c84?aid=01M11BTAWRHDCSZDATXF080N6Q&mid=FDzv
2Cncm9w,Cat Eye Ladies Sunglasses,Sunglasses,Marc Jacobs,Cat Eye,5279.12,100,https://cdn.trychannel3.com/265ee305-a199-4b73-b9d6-d682283ec6f6?aid=01M11BT68EET3WVTHRWMC11Y77&mid=IXIa
1qJhi7R,Aviator sunglasses,Sunglasses,Mango,Aviator,5279.12,100,https://cdn.trychannel3.com/a5b92b79-73f1-4476-ace0-6dc55f874e8c?aid=01M11BTTQ6AGW69JN363BEYD9X&mid=IqeC
OvSxiLf,Thin Cat‑Eye Sunglasses,Sunglasses,Unknown,Aviator,5280.0,100,https://cdn.trychannel3.com/b9e54dca-68c1-4fcf-97b9-7d958b05a626?aid=01M11BR4KFKJCEKWZW9T913FM4&mid=5MW2
ZRlx67f,Square Sunglasses,Sunglasses,Nordstrom,Square,5280.0,100,https://cdn.trychannel3.com/ZRlx67f?aid=01M11BV3TN1ARSW7EQ1YQYA71F&mid=asdf
dmtGYmN,Thin Cat-Eye Sunglasses,Sunglasses,Resident,Cat Eye,5280.0,100,https://cdn.trychannel3.com/2b88fb1c-1b20-4b6f-8845-ef600d647309?aid=01M11BVJ1PFMQMD5V55VXX9ADS&mid=5MW2
jRqQaFt,OFFICE Reading Glasses,Eyeglasses,IZIPIZI,Square,5280.0,100,https://cdn.trychannel3.com/db942dd9-ca62-438f-a6af-6bd20496d1aa?aid=01M11BRN7XSRA9X23ETG75Q3Q5&mid=lHAh
tlVaxEn,Aviator Sunglasses,Sunglasses,GUESS MAINLINE,Aviator,5367.12,100,https://cdn.trychannel3.com/6713760c-783e-492c-85e1-2c9d1023eaec?aid=01M11BSD61BRR0ZZNK6QTF02DN&mid=ZYiL
AosaoNa,PLD 4080/S,Sunglasses,Polaroid,Other,5456.0,100,https://cdn.trychannel3.com/08ff4dc3-4c16-4d1e-8488-03626f1f08e0?aid=01M11BSWX4C2F6BP3DZ3CNF2W2&mid=7yx8
q4Is7ze,Pld 4066/s Sunglasses,Sunglasses,Polaroid,Cat Eye,5456.0,100,https://cdn.trychannel3.com/b3146981-932b-4805-9102-61c0621f5a86?aid=01M11BT68EET3WVTHRWMC11Y77&mid=7yx8
tqTLlbJ,PLD 2157/S,Sunglasses,Polaroid,Other,5456.0,100,https://cdn.trychannel3.com/ea79ad4c-0cee-4897-9f18-63888e71db5e?aid=01M11BS3FXXC8EQ4KP1915G608&mid=7yx8
TxMfDOH,Round Sunglasses,Sunglasses,Polaroid,Round,5456.0,100,https://cdn.trychannel3.com/5413b7ad-fcb5-48a4-967c-e60765d0f79d?aid=01M11BTXJZMJ73J0P0AAPEMPY7&mid=7yx8
KOQylDh,Dora Cat Eye Sunglasses,Sunglasses,EyeBuyDirect,Cat Eye,5544.0,100,https://cdn.trychannel3.com/3929b5eb-e88f-4f16-9c39-05f2424b9d67?aid=01M11BT68EET3WVTHRWMC11Y77&mid=FDzv
wuo23W9,Wayfarer Way Sunglasses,Sunglasses,Ray-Ban,Wayfarer,5544.0,100,https://cdn.trychannel3.com/3e16e0a8-fc43-44a0-90ec-a27e9e85dca0?aid=01M11BVN0YM0AY1022DYMQ4AVA&mid=qqoU
KHfW63z,VO4274,Eyeglasses,Vogue,Other,5632.0,100,https://cdn.trychannel3.com/a6e108a2-f483-44cc-b317-774c025efe5c?aid=01M11BT39NDDG1K2VYKQ94AK5Q&mid=FDzv
CA90g1l,Emporio Armani Men\u2019s Round Sunglasses,Sunglasses,Armani,Round,5719.12,100,https://cdn.trychannel3.com/818362c4-5911-4318-a87a-62fb066acd87?aid=01M11BSG0KZ1SED51JDYX3ZYT6&mid=ak4n
neoQhWl,Force Sunglasses,Sunglasses,Under Armour,Other,5720.0,100,https://cdn.trychannel3.com/6ed3cb9b-fb86-473c-9dd5-f0bf370b7018?aid=01M11BRX3HPQR248BM1AHJ3TTA&mid=wscm
y4q33FF,Oversized Aviator Sunglasses,Sunglasses,& Other Stories,Aviator,5896.0,100,https://cdn.trychannel3.com/ed5896b0-7124-44f1-a99c-7e8442b2dad9?aid=01M11BVZFQ8CDJ55YMJQPG8PQN&mid=Z4b8
eg4CJRk,Rectangular-Frame Glasses,Eyeglasses,Kate Spade,Rectangle,5896.0,100,https://cdn.trychannel3.com/yt1R53h?aid=01M11BT39NDDG1K2VYKQ94AK5Q&mid=NuBr
Gj3K8TI,Legacy Aviator Sunglasses,Sunglasses,EyeBuyDirect,Aviator,6072.0,100,https://cdn.trychannel3.com/58f1d99c-efa1-4185-9cf3-970c2911cfd7?aid=01M11BSB0Y5XBPX12GTTXWK0AR&mid=FDzv
td0PQb2,Collins Prescription Sunglasses,Sunglasses,EyeBuyDirect,Other,6072.0,100,https://cdn.trychannel3.com/4a198126-0c1c-4204-8450-aa4dd4f9992d?aid=01M11BR4KFKJCEKWZW9T913FM4&mid=FDzv
3OHXHmf,Cat-Eye Sunglasses,Sunglasses,Max&Co.,Cat Eye,6103.68,100,https://cdn.trychannel3.com/3OHXHmf?aid=01M11BVGEGJNJM37HW7CH6YRYP&mid=5MLj
iZ60Wwh,Square Sunglasses,Sunglasses,BOSS,Aviator,6157.36,100,https://cdn.trychannel3.com/75ca3058-b276-4e77-812a-fb75ce4a0695?aid=01M11BV20P1TCNEDBEBP1371S8&mid=cvfe
DsrOZix,Aviator frame sunglasses,Sunglasses,Mango,Aviator,6159.12,100,https://cdn.trychannel3.com/a1cb3c5d-28fb-4f10-9958-ac19d2b1a950?aid=01M11BSD61BRR0ZZNK6QTF02DN&mid=IqeC
mK2CeSH,SP0012 Round Sunglasses,Sunglasses,adidas,Round,6159.12,100,https://cdn.trychannel3.com/mK2CeSH?aid=01M11BTXJZMJ73J0P0AAPEMPY7&mid=ZYiL
mZh1ihY,Geometric Sunglasses,Sunglasses,adidas,Aviator,6159.12,100,https://cdn.trychannel3.com/1be1c675-05aa-4ba5-8d31-0a4d64a879c1?aid=01M11BVV4QWMAZWM9957CHTH1J&mid=ZYiL
LOU7FVZ,Sunglasses,Sunglasses,Unknown,Cat Eye,6160.0,100,https://cdn.trychannel3.com/2782c9b9-cd25-47a7-a7ae-13659146d99e?aid=01M11BR4KFKJCEKWZW9T913FM4&mid=ici9
mWDMArJ,VO4196 Eyeglasses,Eyeglasses,Vogue,Other,6204.0,100,https://cdn.trychannel3.com/e57b5ad7-4f6b-4b52-9ca2-03740c6f2311?aid=01M11BR9MV1Z9N2MS03M5TXQN9&mid=YZfD
onrmBTE,Vogue Eyewear VO5492,Eyeglasses,Vogue,Square,6204.0,100,https://cdn.trychannel3.com/8311e6c7-7c88-428d-ae20-b9eb22ba40e5?aid=01M11BS84FEGSJSR7EAG9RH7F0&mid=1A4O
eSPotvx,Folding Wayfarer Sunglasses,Sunglasses,Ray-Ban,Wayfarer,6336.0,100,https://cdn.trychannel3.com/86d87f5c-72a4-447e-b0d8-7c005339aaf3?aid=01M11BVPSN0RP6RM7ETE4HK327&mid=qqoU
P6dqAjw,VO4166 Eyeglasses,Eyeglasses,Vogue,Other,6380.0,100,https://cdn.trychannel3.com/0603ef2f-793a-4209-8a52-43ab000400b3?aid=01M11BR9MV1Z9N2MS03M5TXQN9&mid=YZfD
MGF9mLQ,Easton Square Glasses,Eyeglasses,EyeBuyDirect,Square,6424.0,100,https://cdn.trychannel3.com/3111a014-963c-4a7a-a294-f45e42134855?aid=01M11BSM1G66BHXZPN2FP1F2NG&mid=FDzv
HPKrR9V,Flier Aviator Sunglasses,Sunglasses,EyeBuyDirect,Aviator,6424.0,100,https://cdn.trychannel3.com/38caee3d-8657-40fb-8c5a-8d8a77cdc6d4?aid=01M11BSB0Y5XBPX12GTTXWK0AR&mid=FDzv
xaRg01u,Sunglasses,Sunglasses,Unknown,Square,6501.44,100,https://cdn.trychannel3.com/a7fa98df-c28b-41fa-bc0a-88a211a74286?aid=01M11BS1SX7E0ZE114BNEJZEYX&mid=IXIa
NDGSDLm,Demo Rectangular Ladies Eyeglasses,Eyeglasses,GUESS MAINLINE,Cat Eye,6511.12,100,https://cdn.trychannel3.com/95a9abc8-93e8-4932-9cb4-38c6bd62c12a?aid=01M11BT1GR487Q5WC7FGTWJMSD&mid=IXIa
3xDEif4,Wells Rectangle Sunglasses,Sunglasses,Fossil,Rectangle,6512.0,100,https://cdn.trychannel3.com/42ce54ff-89b7-4fd8-9c15-8b01e4ab0ff8?aid=01M11BV8M566P5VH2FK9329FKG&mid=gMFs
k7vPY9i,Sunglasses,Sunglasses,Polaroid,Other,6512.0,100,https://cdn.trychannel3.com/90442bc5-57cd-4e49-8857-c28fc701488b?aid=01M11BR6P8YAZM07MPZ8QXECND&mid=7yx8
4nYSZrN,HD00024 Sunglasses,Sunglasses,Harley-Davidson,Oval,6547.2,100,https://cdn.trychannel3.com/677acbda-a282-4ea9-9b26-76938307b0e1?aid=01M11BSHD1Q26AFWZR9P4FHVNP&mid=YZfD
bz3Dxjd,Tom Ford Cat Eye Sunglasses Havana,Sunglasses,Tom Ford,Cat Eye,6600.0,100,https://cdn.trychannel3.com/a276e3a0-276c-4858-b29c-24395eaab676?aid=01M11BT8274GQM3Z2Q4KAQKY59&mid=qqoU
B8yeWck,Round Sunglasses,Sunglasses,adidas,Round,6775.12,100,https://cdn.trychannel3.com/da0e1033-becc-408c-81c1-51e583421b5a?aid=01M11BTXJZMJ73J0P0AAPEMPY7&mid=ZYiL
azuMpOI,VO4304 Eyeglasses,Eyeglasses,Vogue,Oval,6820.0,100,https://cdn.trychannel3.com/b6832a94-9954-4c07-ac80-85c74609a57b?aid=01M11BREY5PBZPK1DTKFRPF4VH&mid=YZfD
JkXFq4n,AX4098S Sunglasses,Sunglasses,Armani,Square,6837.6,100,https://cdn.trychannel3.com/321fb608-05e0-43e8-a794-1c7c56048847?aid=01M11BS1SX7E0ZE114BNEJZEYX&mid=YZfD
4z6lxxp,Round Sunglasses,Sunglasses,GUESS MAINLINE,Round,6864.0,100,https://cdn.trychannel3.com/2eda903e-c4e7-4ae1-8220-f925594b7438?aid=01M11BSG0KZ1SED51JDYX3ZYT6&mid=IXIa
km5aca0,Woods Rectangle Glasses,Eyeglasses,EyeBuyDirect,Rectangle,6952.0,100,https://cdn.trychannel3.com/950750af-f24a-456d-8abd-c77326ed6368?aid=01M11BSSZEACWDNDBJABSYNJR1&mid=FDzv
rVsYrh6,Smith Square Glasses,Eyeglasses,Smith Optics,Square,6952.0,100,https://cdn.trychannel3.com/821eeab4-3fdf-4501-baac-37c221a10f70?aid=01M11BSM1G66BHXZPN2FP1F2NG&mid=FDzv
mgPx363,Ray Square Glasses,Eyeglasses,Ray-Ban,Square,6952.0,100,https://cdn.trychannel3.com/3e8e1e5f-d0aa-4603-8908-751bfe8f7138?aid=01M11BTH9AJFHQXNJYCAZJEHK2&mid=FDzv
SX0tsML,Davies Round Sunglasses,Sunglasses,EyeBuyDirect,Round,6952.0,100,https://cdn.trychannel3.com/c78c38f5-4e5d-4eb2-b70e-6bf710dd6554?aid=01M11BTZA1GK1ZGZSDSXHYR3B5&mid=FDzv
KUOdtlr,Blue Light Glasses Kalamata,Eyeglasses,Sanctuary,Rectangle,6952.0,100,https://cdn.trychannel3.com/5da255b6-b728-421f-8260-6f5fa29c61dd?aid=01M11BRT3F8230HENY69FX2E82&mid=4OBv
u4FesDP,Smith Square Glasses,Eyeglasses,Smith Optics,Square,6952.0,100,https://cdn.trychannel3.com/fd2cd043-339b-4239-aed0-18e430be9ca5?aid=01M11BSM1G66BHXZPN2FP1F2NG&mid=FDzv
4kvaU57,Cat-Eye Sunglasses,Sunglasses,Anne Klein,Cat Eye,6952.0,100,https://cdn.trychannel3.com/d3a5e7d0-92ff-45bd-ad70-fc28e73a3d4e?aid=01M11BVGEGJNJM37HW7CH6YRYP&mid=Ml4u
hUosfo0,Square Sunglasses,Sunglasses,Fossil,Square,6952.0,100,https://cdn.trychannel3.com/dc691918-ee83-484a-9886-2d298ccc8d4c?aid=01M11BSYQCHVKQYA2XNYMD9MW3&mid=dCgO
8sPNvtY,CAT EYE SUNGLASSES,Sunglasses,ZARA,Cat Eye,7031.2,100,https://cdn.trychannel3.com/6b21df2c-c846-48ad-8211-333e842c423d?aid=01M11BVGEGJNJM37HW7CH6YRYP&mid=Mnrl
YnvFaKd,Cat-Eye Sunglasses,Sunglasses,Max Mara,Cat Eye,7037.36,100,https://cdn.trychannel3.com/YnvFaKd?aid=01M11BVGEGJNJM37HW7CH6YRYP&mid=cvfe
CJU7xdK,Geometric Sunglasses,Sunglasses,Max Mara,Geometric,7037.36,100,https://cdn.trychannel3.com/6f5eb246-28f1-4a28-8ebb-0859a6cb2253?aid=01M11BVSGMQS64XQC9V0C65NV6&mid=cvfe
lKdNED3,Cat Eye Sunglasses,Sunglasses,McQ,Cat Eye,7037.36,100,https://cdn.trychannel3.com/c64a14bc-da7f-4a40-b915-4ae8423bbff8?aid=01M11BVGEGJNJM37HW7CH6YRYP&mid=cvfe
WoXLYcU,Metal Women's Sunglasses,Sunglasses,Max Mara,Aviator,7037.36,100,https://cdn.trychannel3.com/07e5915d-9bba-4030-b4ed-ab94410867a9?aid=01M11BSWX4C2F6BP3DZ3CNF2W2&mid=cvfe
tcw47nJ,Square Men's Eyeglasses,Eyeglasses,Burberry,Other,7039.12,100,https://cdn.trychannel3.com/tcw47nJ?aid=01M11BS6BVM15Z7W0WQ66BKBYY&mid=IXIa
V1CGQ8i,Aviator Designer Sunglasses,Sunglasses,Marshall's,Aviator,7039.12,100,https://cdn.trychannel3.com/4f28ae0f-9fe3-422e-85d5-e0ef8b6027ab?aid=01M11BTTQ6AGW69JN363BEYD9X&mid=jRDL
hXzW15Z,Rectangular Eyeglasses,Eyeglasses,adidas,Other,7039.12,100,https://cdn.trychannel3.com/987538ce-52c5-4683-916d-4d55343b1837?aid=01M11BRX3HPQR248BM1AHJ3TTA&mid=dCgO
wvVMSF3,Rectangular Men's Sunglasses,Sunglasses,Salvatore Ferragamo,Rectangle,7039.12,100,https://cdn.trychannel3.com/21ed8cd0-2a23-4bc0-8786-ee3807152e62?aid=01M11BS1SX7E0ZE114BNEJZEYX&mid=IXIa
6nz7hqU,52mm Oval Sunglasses,Sunglasses,Nordstrom,Oval,7039.12,100,https://cdn.trychannel3.com/25021d93-cfe4-4651-a699-d7a4a41b49cd?aid=01M11BVBR2VJCQSEBC87MM22NK&mid=asdf
SLCV7vn,Oval Sunglasses,Sunglasses,THIERRY LASRY,Oval,7039.12,100,https://cdn.trychannel3.com/6cb73733-1284-4ea2-91d0-35d0f0cf9614?aid=01M11BVBR2VJCQSEBC87MM22NK&mid=ndZg
FAiON2b,PLD 2158/S,Sunglasses,Polaroid,Other,7304.0,100,https://cdn.trychannel3.com/a4294475-49cc-4a30-8b55-61fa541e3fad?aid=01M11BS3FXXC8EQ4KP1915G608&mid=gErQ
07pUU7M,Round Glasses OR5019,Eyeglasses,adidas,Round,7391.12,100,https://cdn.trychannel3.com/3b9a1cb3-2118-4a9e-89e0-1689cbb7f12c?aid=01M11BTCPBGXAG4MQ1TC78C3HK&mid=ZYiL
LD1rQkf,Round Sunglasses,Sunglasses,Polaroid,Round,7392.0,100,https://cdn.trychannel3.com/LD1rQkf?aid=01M11BSHD1Q26AFWZR9P4FHVNP&mid=7yx8
gJ8bLtu,Pld 4098/s Women Havana Butterfly Sunglasses,Sunglasses,Polaroid,Cat Eye,7392.0,100,https://cdn.trychannel3.com/2cbda3d6-7788-4b8d-b619-f13db4c8d11e?aid=01M11BSWX4C2F6BP3DZ3CNF2W2&mid=7yx8
uBfdmbi,SEPIA OMBRE/BROWN,Sunglasses,Quay,Oval,7480.0,100,https://cdn.trychannel3.com/c1b5bebb-2536-4bad-99b7-e8e8d06acf12?aid=01M11BR6P8YAZM07MPZ8QXECND&mid=hKBj
2eIrd4y,Oversized Sunglasses,Sunglasses,Melrose & Madison,Oversized,7480.0,100,https://cdn.trychannel3.com/842eaa84-bc35-49c9-9c64-1c3ec06c7809?aid=01M11BVXWZDW17N8GEAJD132T1&mid=asdf
1wuOdog,Oval Sunglasses,Sunglasses,Le Specs,Oval,7480.0,100,https://cdn.trychannel3.com/068d3d37-2374-40e3-8dee-d37df7884d2d?aid=01M11BVBR2VJCQSEBC87MM22NK&mid=asdf
YXK9TCD,Aviator Sunglasses,Sunglasses,FREYRS Eyewear,Aviator,7480.0,100,https://cdn.trychannel3.com/c88a9ba7-ea4c-4bbd-89d3-5f6fd7ccf0be?aid=01M11BTR6RNDHH7SH1QV2DWF7Y&mid=afjb
12vT149,79mm Geometric Sunglasses,Sunglasses,Nordstrom,Geometric,7567.12,100,https://cdn.trychannel3.com/3bd518d3-f92c-481a-8a01-0317f5828241?aid=01M11BRYZDM7972JP72S04KP5N&mid=asdf
TaJhyFq,Cunningham Geometric Sunglasses,Sunglasses,EyeBuyDirect,Geometric,7568.0,100,https://cdn.trychannel3.com/3d9fe474-234a-46a9-8b85-4d52682fa168?aid=01M11BVSGMQS64XQC9V0C65NV6&mid=FDzv
CpvdpBT,Kincaid Reading Glasses,Eyeglasses,Caddis,Other,7832.0,100,https://cdn.trychannel3.com/dd439f53-5e42-4f43-9f55-c554fc20713e?aid=01M11BRKMDZHBXR0QE8DNCQVRN&mid=4ZRx
AKxShN8,Aubrey Oval Sunglasses,Sunglasses,Charles & Keith,Oval,7832.0,100,https://cdn.trychannel3.com/615d0492-4db1-4bad-99b1-b0c0a0d494ea?aid=01M11BVBR2VJCQSEBC87MM22NK&mid=fq9V
g1VEmct,Bixby Reading Glasses,Eyeglasses,Caddis,Aviator,7832.0,100,https://cdn.trychannel3.com/fn06g2H?aid=01M11BRN7XSRA9X23ETG75Q3Q5&mid=4ZRx
qdxBOXh,Nano Square Glasses,Eyeglasses,EyeBuyDirect,Square,7832.0,100,https://cdn.trychannel3.com/44075800-407d-4ecf-8ef0-8de3e1cfffa0?aid=01M11BSM1G66BHXZPN2FP1F2NG&mid=FDzv
k1jDcQ5,VO4274 Eyeglasses,Eyeglasses,Vogue,Square,7884.8,100,https://cdn.trychannel3.com/1143575d-eb00-4227-a11f-9c2013544782?aid=01M11BREY5PBZPK1DTKFRPF4VH&mid=YZfD
enVtwkz,Wayfarer Sunglasses,Sunglasses,Ray-Ban,Wayfarer,7917.36,100,https://cdn.trychannel3.com/9ee9356c-d754-4363-aa35-515cacf6a290?aid=01M11BVN0YM0AY1022DYMQ4AVA&mid=cvfe
SYxtTs1,Oversized Sunglasses,Sunglasses,Ray-Ban,Oversized,7917.36,100,https://cdn.trychannel3.com/9f7f53b8-e0df-4933-9f51-ad7ffaa43f20?aid=01M11BVXWZDW17N8GEAJD132T1&mid=cvfe
IzytNUl,Rectangle Sunglasses,Sunglasses,Isabel Marant,Rectangle,7917.36,100,https://cdn.trychannel3.com/1ba7b583-d229-4ec1-9c91-f3ae974e5031?aid=01M11BV6T7W6NWG5K6JS2H0NRR&mid=cvfe
FuhkLFQ,Wayfarer Sunglasses,Sunglasses,Ray-Ban,Wayfarer,7917.36,100,https://cdn.trychannel3.com/53551228-ac65-4e4e-ae52-9e93fcc27f9d?aid=01M11BVPSN0RP6RM7ETE4HK327&mid=cvfe
z2Jhkxc,Cat Eye Sunglasses,Sunglasses,McQ,Cat Eye,7917.36,100,https://cdn.trychannel3.com/e72e7b1c-9b3d-4f6f-825c-cc305874a018?aid=01M11BVGEGJNJM37HW7CH6YRYP&mid=cvfe
WuVMHQI,Homer Polarized Aviator Sunglasses,Sunglasses,Revo,Aviator,7919.12,100,https://cdn.trychannel3.com/57041b72-706f-4572-b99c-32190dfa1e35?aid=01M11BSD61BRR0ZZNK6QTF02DN&mid=ndZg
1X4PZgG,AOK006 Cat-Eye Sunglasses,Sunglasses,adidas,Cat Eye,7919.12,100,https://cdn.trychannel3.com/88a2ea88-7dd0-4876-9483-83e42a88933c?aid=01M11BT8274GQM3Z2Q4KAQKY59&mid=ZYiL
oxpUx6P,Demo Rectangular Eyeglasses,Eyeglasses,Burberry,Rectangle,7919.12,100,https://cdn.trychannel3.com/74fed399-14bb-44e4-8b77-98171ab576c2?aid=01M11BS6BVM15Z7W0WQ66BKBYY&mid=IXIa
LAQIBII,Square Frame Glasses,Eyeglasses,ZEELOOL,Square,7920.0,100,https://cdn.trychannel3.com/288769a5-0d04-4e1d-bc23-179098526ae1?aid=01M11BSNK6G8XSQQPC0TEWT84J&mid=aeSD
ZJsiqMa,Kiara Geometric Sunglasses,Sunglasses,ZEELOOL,Geometric,7920.0,100,https://cdn.trychannel3.com/c38b55c5-48b4-4c29-83ea-6dc8389140b7?aid=01M11BVV4QWMAZWM9957CHTH1J&mid=aeSD
jmrzhQC,Cat-Eye Sunglasses,Sunglasses,Max&Co.,Cat Eye,8180.48,100,https://cdn.trychannel3.com/jmrzhQC?aid=01M11BVGEGJNJM37HW7CH6YRYP&mid=5MLj
XFUCHW7,Tierney Eyeglasses,Eyeglasses,Warby Parker,Other,8360.0,100,https://cdn.trychannel3.com/5f5d6ac7-53f4-4351-821d-db5f2974c491?aid=01M11BR9MV1Z9N2MS03M5TXQN9&mid=VYjR
xpGBgtn,Abe Eyeglasses,Eyeglasses,Warby Parker,Cat Eye,8360.0,100,https://cdn.trychannel3.com/39a7e235-a910-4bc7-af48-0247d05dcc37?aid=01M11BR9MV1Z9N2MS03M5TXQN9&mid=VYjR
3Bt1eA7,Jeri Eyeglasses,Vision Care,Kate Spade,Other,8360.0,100,https://cdn.trychannel3.com/307cfb97-6cf1-4048-8142-76e2e9aa128a?aid=01M11BR9MV1Z9N2MS03M5TXQN9&mid=7yx8
LeL9p4v,Square Glasses,Eyeglasses,Victoria Beckham,Square,8624.0,100,https://cdn.trychannel3.com/LeL9p4v?aid=01M11BTFMDTHE5ART8Q4HAS3N7&mid=NuBr
ye2RjCP,Square Sunglasses,Sunglasses,Schott,Square,8624.0,100,https://cdn.trychannel3.com/ye2RjCP?aid=01M11BV20P1TCNEDBEBP1371S8&mid=asdf
SSEzQBa,Hayden Square Glasses,Eyeglasses,Diff Eyewear,Cat Eye,8624.0,100,https://cdn.trychannel3.com/4b7ec166-0556-41e9-be65-962657009394?aid=01M11BTH9AJFHQXNJYCAZJEHK2&mid=giUy
OfHiB1M,Number Cruncher Rectangle Glasses,Eyeglasses,Eyebobs,Rectangle,8624.0,100,https://cdn.trychannel3.com/e818027e-e23a-479d-90e8-55d31fd87a9a?aid=01M11BSR8SWWC3VFNYM83JVD4T&mid=6qL5
5BJUijc,TV Party Round Glasses,Eyeglasses,Eyebobs,Round,8624.0,100,https://cdn.trychannel3.com/e67eb991-169c-48c8-89c9-69e8bcfbaf17?aid=01M11BTAWRHDCSZDATXF080N6Q&mid=6qL5
7KClqc3,Biff Square Reading Glasses,Eyeglasses,Eyebobs,Other,8624.0,100,https://cdn.trychannel3.com/7KClqc3?aid=01M11BRKMDZHBXR0QE8DNCQVRN&mid=asdf
CxlJuCs,Aviator Sunglasses,Sunglasses,GUESS MAINLINE,Aviator,8624.0,100,https://cdn.trychannel3.com/4d9af8ae-31fe-463e-af03-9b2454b19ba3?aid=01M11BTTQ6AGW69JN363BEYD9X&mid=5MW2
f6RLUmU,Rectangular Reading Glasses,Vision Care,Warby Parker,Other,8624.0,100,https://cdn.trychannel3.com/f6RLUmU?aid=01M11BRKMDZHBXR0QE8DNCQVRN&mid=asdf
eAIdVBi,Waylaid Round Glasses,Eyeglasses,Eyebobs,Round,8624.0,100,https://cdn.trychannel3.com/e0f5b888-e1c7-4e8b-937f-06b271ad5b8f?aid=01M11BTAWRHDCSZDATXF080N6Q&mid=6qL5
nvoLiHb,Men Sunglasses,Sunglasses,Unknown,Square,8712.0,100,https://cdn.trychannel3.com/7f7e669d-d0a5-45ee-9da7-b5b338fe070b?aid=01M11BS1SX7E0ZE114BNEJZEYX&mid=4IKz
N50SWDT,Eyeglasses,Eyeglasses,Coach,Round,8712.0,100,https://cdn.trychannel3.com/9a541aae-a184-4a8c-9d11-967f3da56d32?aid=01M11BRBCEMX00PSSC7EK2PE7W&mid=1A4O
f3TZOX9,Oversized Cat Eye Sunglasses,Sunglasses,Coach,Cat Eye,8712.0,100,https://cdn.trychannel3.com/f31fd011-88ca-4ce9-ab4b-aa948a9cd5bd?aid=01M11BTNCGRD82TPBV5JXEJV7E&mid=e1cY
V0kPxBZ,Limited Edition Oval Sunglasses,Sunglasses,ZARA,Oval,8791.2,100,https://cdn.trychannel3.com/86a655b9-63c7-4f33-81af-b91bc6483b12?aid=01M11BVBR2VJCQSEBC87MM22NK&mid=Mnrl
oMmIit6,51mm Cat Eye Sunglasses,Sunglasses,FLASK,Cat Eye,8795.6,100,https://cdn.trychannel3.com/f1e9a39d-1b4c-46b1-bde0-deefa1802f7a?aid=01M11BVGEGJNJM37HW7CH6YRYP&mid=asdf
0an5HAs,Rectangular Reading Glasses,Eyeglasses,RETROSUPERFUTURE®,Rectangle,8797.36,100,https://cdn.trychannel3.com/9fee7cf5-4e15-4275-9e35-476b17eaaa78?aid=01M11BRKMDZHBXR0QE8DNCQVRN&mid=cvfe
7b33rph,Rectangle Sunglasses,Sunglasses,RETROSUPERFUTURE®,Rectangle,8797.36,100,https://cdn.trychannel3.com/180d3b7c-3d5f-49cb-9b71-0b512d467944?aid=01M11BV6T7W6NWG5K6JS2H0NRR&mid=cvfe
AFqc7bB,Round Optical Glasses,Eyeglasses,RETROSUPERFUTURE®,Other,8797.36,100,https://cdn.trychannel3.com/902bc7e4-9580-482b-8751-f4917d32a8d0?aid=01M11BTAWRHDCSZDATXF080N6Q&mid=cvfe
7WLW8iC,Rectangular Reading Glasses,Eyeglasses,RETROSUPERFUTURE®,Other,8797.36,100,https://cdn.trychannel3.com/85a01388-7bf2-4e58-8843-5c9ccb8d4e67?aid=01M11BRKMDZHBXR0QE8DNCQVRN&mid=cvfe
UfPi8OF,Wayfarer Sunglasses,Sunglasses,Ray-Ban,Wayfarer,8797.36,100,https://cdn.trychannel3.com/25f90922-9b96-4b69-bdbb-4db8ee3270c2?aid=01M11BVN0YM0AY1022DYMQ4AVA&mid=cvfe
skIccIM,Dira Rectangle Sunglasses,Sunglasses,Kendra Scott,Rectangle,8797.36,100,https://cdn.trychannel3.com/2666be6c-04dd-47c5-9f7a-dabc066ecbc7?aid=01M11BV6T7W6NWG5K6JS2H0NRR&mid=r3vk
6TZNzn0,Photochromatic Aviator Sunglasses,Sunglasses,Unknown,Aviator,8799.12,100,https://cdn.trychannel3.com/e14d21b7-8e31-415b-9a2a-162daa436116?aid=01M11BSB0Y5XBPX12GTTXWK0AR&mid=IXIa
dWT9FVS,Square Sunglasses,Sunglasses,Warby Parker,Aviator,8800.0,100,https://cdn.trychannel3.com/6fe5465d-f515-4d8d-975e-bbcad4e37045?aid=01M11BV3TN1ARSW7EQ1YQYA71F&mid=VYjR
5IHD43l,Aviator Sunglasses,Sunglasses,Abercrombie & Fitch,Aviator,8800.0,100,https://cdn.trychannel3.com/919e399f-b7f5-49b5-b2c7-57d3524ef563?aid=01M11BTR6RNDHH7SH1QV2DWF7Y&mid=Zhkr
RNTSQSq,Women's cat eye sunglasses,Sunglasses,Armani,Cat Eye,8800.0,100,https://cdn.trychannel3.com/2e46fe3e-589f-4245-b72b-2961a1d4dc48?aid=01M11BT68EET3WVTHRWMC11Y77&mid=D8bR
PbQ6pqQ,Rectangle Sunglasses,Sunglasses,Abercrombie & Fitch,Rectangle,8800.0,100,https://cdn.trychannel3.com/b8e0d100-453b-4633-8b51-47877c4c2eec?aid=01M11BV6T7W6NWG5K6JS2H0NRR&mid=Zhkr
t5Zp4qI,Metal Glasses Men's (Frames),Eyeglasses,Yohji Yamamoto,Other,8921.44,100,https://cdn.trychannel3.com/c3159f57-191d-4549-b17f-5f90edc7bf9e?aid=01M11BS6BVM15Z7W0WQ66BKBYY&mid=sBqr
E2s527u,ASP0002 Sunglasses,Sunglasses,adidas,Other,9063.12,100,https://cdn.trychannel3.com/E2s527u?aid=01M11BRYZDM7972JP72S04KP5N&mid=ZYiL
bZgIDdL,Geometric Sunglasses,Sunglasses,GCDS,Geometric,9064.0,100,https://cdn.trychannel3.com/9b1f8f35-acb2-4560-a143-60b6ec7e839b?aid=01M11BVSGMQS64XQC9V0C65NV6&mid=7yx8
UP7nWNn,Designer Sunglasses,Sunglasses,Maui Jim,Square,9152.0,100,https://cdn.trychannel3.com/84e6b5b8-e3cd-4195-92c0-85c62b51db34?aid=01M11BS3FXXC8EQ4KP1915G608&mid=ndZg
K5e5M5u,Round-Frame Sunglasses,Sunglasses,BOSS,Round,9200.4,100,https://cdn.trychannel3.com/K5e5M5u?aid=01M11BTZA1GK1ZGZSDSXHYR3B5&mid=5MLj
LfOe6Fq,Emaline Eyeglasses,Vision Care,LIFEISGOOD.COM,Other,9202.16,100,https://cdn.trychannel3.com/1ef10bc0-f454-42b0-a11f-6075c8bff922?aid=01M11BT1GR487Q5WC7FGTWJMSD&mid=YZfD
mTFO5bN,Sherry Eyeglasses,Vision Care,LIFEISGOOD.COM,Other,9202.16,100,https://cdn.trychannel3.com/ea15d7d6-2abc-46dc-8921-7fa884d65bfe?aid=01M11BT1GR487Q5WC7FGTWJMSD&mid=YZfD
AkoVxmT,DB 1064 Eyeglasses,Vision Care,Victoria Beckham,Other,9240.0,100,https://cdn.trychannel3.com/d0277ecf-6767-4976-91f2-24b0084b172e?aid=01M11BSNK6G8XSQQPC0TEWT84J&mid=7yx8
GaCcqR5,Coach Aviator Sunglasses,Sunglasses,Coach,Aviator,9284.0,100,https://cdn.trychannel3.com/58a89331-d1d0-49a6-8306-f05c5f746bea?aid=01M11BSD61BRR0ZZNK6QTF02DN&mid=1A4O
XU5tomk,Holbrook Wayfarer Sunglasses,Sunglasses,Oakley,Wayfarer,9328.0,100,https://cdn.trychannel3.com/f31fc0a9-f175-4e09-9652-ca26c88007b9?aid=01M11BVN0YM0AY1022DYMQ4AVA&mid=NuBr
ZtiaX6k,Square Frame Glasses,Eyeglasses,Armani,Square,9344.72,100,https://cdn.trychannel3.com/ZtiaX6k?aid=01M11BSM1G66BHXZPN2FP1F2NG&mid=5MLj
yrsGMuZ,Occhiali Stylus,Sunglasses,Foggy Dog,Other,9376.4,100,https://cdn.trychannel3.com/9f7fd992-2509-44ae-9da6-522cf4478e0d?aid=01M11BRYZDM7972JP72S04KP5N&mid=fkAv
jECxwsS,Square Frame Glasses,Eyeglasses,Liu Jo,Square,9417.76,100,https://cdn.trychannel3.com/jECxwsS?aid=01M11BTFMDTHE5ART8Q4HAS3N7&mid=5MLj
vBArjja,Rectangular Frame Glasses,Eyeglasses,BOSS,Rectangle,9528.64,100,https://cdn.trychannel3.com/4e1bfa14-7f9f-4930-84c4-8b7a675a4983?aid=01M11BRBCEMX00PSSC7EK2PE7W&mid=5MLj
Rcrj3sd,Round Frame Sunglasses,Sunglasses,BOSS,Round,9563.84,100,https://cdn.trychannel3.com/Rcrj3sd?aid=01M11BTZA1GK1ZGZSDSXHYR3B5&mid=5MLj
Kbnv8Sf,For Love & Lemons Sunglasses,Sunglasses,Diff Eyewear,Oval,9592.0,100,https://cdn.trychannel3.com/d436b589-6822-478f-ba62-0fb76838ae28?aid=01M11BSYQCHVKQYA2XNYMD9MW3&mid=giUy
Gs7DSPB,Yalea VYA041,Eyeglasses,Yale,Other,9609.6,100,https://cdn.trychannel3.com/722ce9be-0c1a-4e91-b33c-d251a21c9af1?aid=01M11BT39NDDG1K2VYKQ94AK5Q&mid=4oRd
nLXKlHm,Shelby Reading Glasses,Eyeglasses,Frances Valentine,Other,9680.0,100,https://cdn.trychannel3.com/3ab5924e-a4fb-4618-8ea5-a99e6a32c9ba?aid=01M11BRN7XSRA9X23ETG75Q3Q5&mid=ohrF
i9uPJyD,Rb3717 Optics Eyeglasses,Eyeglasses,Ray-Ban,Rectangle,9768.0,100,https://cdn.trychannel3.com/860cc4c6-1198-4778-9085-e856530a6256?aid=01M11BRGTFV3G6KW5PRZ0M6WVX&mid=tbO1
H5CseN4,Eyeglasses,Vision Care,BOSS,Other,9768.0,100,https://cdn.trychannel3.com/e1087f3d-c228-4d1d-9da1-2387057ccba0?aid=01M11BR9MV1Z9N2MS03M5TXQN9&mid=YZfD
g38XsTZ,Square-Frame Glasses,Eyeglasses,Kate Spade,Other,9847.2,100,https://cdn.trychannel3.com/boFcgd4?aid=01M11BREY5PBZPK1DTKFRPF4VH&mid=5MLj
EOxqoFP,Oval-Frame Glasses,Vision Care,Kate Spade,Other,9847.2,100,https://cdn.trychannel3.com/7lcBmZ6?aid=01M11BRGTFV3G6KW5PRZ0M6WVX&mid=5MLj
arGS40A,V - STUD Demo Geometric Ladies Eyeglasses,Eyeglasses,Valentino,Other,9872.72,100,https://cdn.trychannel3.com/arGS40A?aid=01M11BRBCEMX00PSSC7EK2PE7W&mid=IXIa
9orJppv,Yalea VYA049V,Eyeglasses,Yale,Other,9979.2,100,https://cdn.trychannel3.com/cf58067b-8399-454e-8459-8127c9a3e78a?aid=01M11BT39NDDG1K2VYKQ94AK5Q&mid=4oRd
8OS1F8j,Elsa Computer Glasses,Eyeglasses,BON CHARGE,Other,10027.6,100,https://cdn.trychannel3.com/50d13eb0-704a-4e5f-a7bc-0c5a6f0b308f?aid=01M11BRT3F8230HENY69FX2E82&mid=2yh8
viwMfSi,Optical Eyeglasses,Eyeglasses,Liu Jo,Other,10032.0,100,https://cdn.trychannel3.com/f46b0d6a-1eed-447f-942d-401a5bccfbdd?aid=01M11BT39NDDG1K2VYKQ94AK5Q&mid=ZG9E
8RadETl,Palmer Reading Glasses,Vision Care,ROKA,Other,10120.0,100,https://cdn.trychannel3.com/47eabbb9-cae7-4afb-bc6c-87b2d2c566b5?aid=01M11BRN7XSRA9X23ETG75Q3Q5&mid=UMnC
8SuMSlD,Amelie/G/S Sunglasses,Sunglasses,Kate Spade,Cat Eye,10164.0,100,https://cdn.trychannel3.com/fb382e22-16d8-4f09-912c-9bf77d45a2e6?aid=01M11BT8274GQM3Z2Q4KAQKY59&mid=YZfD
vjRgLa5,Oversized Frame Sunglasses,Sunglasses,Marni,Oversized,10208.0,100,https://cdn.trychannel3.com/7681da9f-9843-4e29-96e2-129dea596fad?aid=01M11BTKZCV6DDXSBTPB833W5S&mid=qqoU
dPm4BFz,VO 5686 Eyeglasses,Eyeglasses,Vogue,Other,10208.0,100,https://cdn.trychannel3.com/dPm4BFz?aid=01M11BS6BVM15Z7W0WQ66BKBYY&mid=7yx8
3hgvvNs,Maeve Sunglasses,Sunglasses,Tom Ford,Cat Eye,10294.24,100,https://cdn.trychannel3.com/7e3f2f3a-64ab-4ec8-ab63-9da5b39d932a?aid=01M11BSYQCHVKQYA2XNYMD9MW3&mid=cvfe
c9Dh6BQ,JOEY - RICH TORTOISE + GOLD METAL + BROWN GRADIENT SUNGLASSES,Sunglasses,Diff Eyewear,Round,10384.0,100,https://cdn.trychannel3.com/b1460849-be28-49fd-9cdf-124f2f7e4e99?aid=01M11BSYQCHVKQYA2XNYMD9MW3&mid=giUy
JPB1WsH,BB1080T,Eyeglasses,Brooks Brothers,Rectangle,10457.92,100,https://cdn.trychannel3.com/8af6224a-d5f3-4352-b632-a1af0d4be377?aid=01M11BS6BVM15Z7W0WQ66BKBYY&mid=4oRd
kWDz7U0,Jaye Round Sunglasses,Sunglasses,AllSaints,Round,10472.0,100,https://cdn.trychannel3.com/8c9cff69-1555-4c0e-9904-2dce6f74b4c8?aid=01M11BTXJZMJ73J0P0AAPEMPY7&mid=X8Kw
syfCnRR,Jude Round Tinted Sunglasses,Sunglasses,AllSaints,Round,10472.0,100,https://cdn.trychannel3.com/fe0402d0-fea5-434a-a044-3b5d6e5ff665?aid=01M11BSHD1Q26AFWZR9P4FHVNP&mid=X8Kw
HZp6g5N,Geometric Ladies Sunglasses,Sunglasses,GUESS MAINLINE,Other,10472.0,100,https://cdn.trychannel3.com/a7d3f13d-1cb9-4e28-aa02-1ec6fb148ddf?aid=01M11BR6P8YAZM07MPZ8QXECND&mid=IXIa
tWLgria,Round Frame Sunglasses,Sunglasses,BOSS,Round,10486.96,100,https://cdn.trychannel3.com/tWLgria?aid=01M11BSG0KZ1SED51JDYX3ZYT6&mid=5MLj
hd6aveV,Mindless Sunglasses,Sunglasses,Status Anxiety,Other,10555.6,100,https://cdn.trychannel3.com/2ba2f81c-6215-48b7-a9c3-052438eef930?aid=01M11BR4KFKJCEKWZW9T913FM4&mid=pbZs
TqwkHVq,Aviator Sunglasses,Sunglasses,MODO,Aviator,10557.36,100,https://cdn.trychannel3.com/1cad59ed-bc82-4e1c-b40b-d66a70e8ad13?aid=01M11BTTQ6AGW69JN363BEYD9X&mid=cvfe
KI5dhvY,Aviator Sunglasses,Sunglasses,MODO,Aviator,10557.36,100,https://cdn.trychannel3.com/67c58676-54bc-4b1c-b2c4-33f68d23af71?aid=01M11BTR6RNDHH7SH1QV2DWF7Y&mid=cvfe
QBawBIM,Cat Eye Sunglasses,Sunglasses,MODO,Cat Eye,10557.36,100,https://cdn.trychannel3.com/8112f0e3-414e-4538-97c1-fb51b5da420c?aid=01M11BVJ1PFMQMD5V55VXX9ADS&mid=cvfe
7h0v5uE,Geometric Sunglasses,Sunglasses,Nordstrom,Geometric,10559.12,100,https://cdn.trychannel3.com/ee6458cc-5692-437d-9381-73b1e8b68e84?aid=01M11BVSGMQS64XQC9V0C65NV6&mid=cvfe
NH50OVW,HD0540 Eyeglasses,Eyeglasses,Harley-Davidson,Rectangle,10560.0,100,https://cdn.trychannel3.com/fb6f24fc-0f78-4c3a-8747-3f920ce33f7b?aid=01M11BT39NDDG1K2VYKQ94AK5Q&mid=YZfD
xLR7bvn,Optical Eyeglasses,Eyeglasses,Liu Jo,Other,10648.0,100,https://cdn.trychannel3.com/bdfe0e8c-6570-44b6-8bff-f27c53b42fec?aid=01M11BT39NDDG1K2VYKQ94AK5Q&mid=ZG9E
YvblIgy,VO4280 Eyeglasses,Eyeglasses,Vogue,Other,10648.0,100,https://cdn.trychannel3.com/e033b163-9da9-4760-9b7c-476ca203e3f5?aid=01M11BR9MV1Z9N2MS03M5TXQN9&mid=4EtW
90NI2iB,Oversized Frame Sunglasses,Sunglasses,Marc Jacobs,Oversized,10717.52,100,https://cdn.trychannel3.com/0984c4d0-763b-4222-bf59-fc0bb71cee76?aid=01M11BVZFQ8CDJ55YMJQPG8PQN&mid=5MLj
eWM06gI,Modern Oval Frame Sunglasses,Sunglasses,Anne Klein,Oval,10736.0,100,https://cdn.trychannel3.com/12759a32-c922-42b5-84ab-cf3faf20176f?aid=01M11BVDG61533RD7HP9ZHZG57&mid=Ml4u
wH8SDmA,Rectangle Frame Glasses,Eyeglasses,BOSS,Rectangle,10992.08,100,https://cdn.trychannel3.com/aa9e17fa-dbdb-4e9f-89e8-1c9fb7de244b?aid=01M11BRBCEMX00PSSC7EK2PE7W&mid=5MLj
kA5ywbj,Oversized Square Tortoise Sunglasses,Sunglasses,Anne Klein,Square,11000.0,100,https://cdn.trychannel3.com/41a4e085-03e8-4a76-96f5-c509e13ec809?aid=01M11BTKZCV6DDXSBTPB833W5S&mid=Ml4u
zxxyK3G,Wayfarer Sunglasses,Sunglasses,Ray-Ban,Wayfarer,11176.0,100,https://cdn.trychannel3.com/cc838168-a20f-4c07-b042-4aa70bf776a2?aid=01M11BVPSN0RP6RM7ETE4HK327&mid=xm8R
pJakyJ1,Eyeglasses,Eyeglasses,Ralph Lauren,Rectangle,11176.0,100,https://cdn.trychannel3.com/eeec17d4-7b20-45a6-89a4-5f90936e642f?aid=01M11BS84FEGSJSR7EAG9RH7F0&mid=ZG9E
AKWLJG5,LO801S Sunglasses,Sunglasses,Longchamp,Other,11202.4,100,https://cdn.trychannel3.com/1eaa3347-8415-43ef-8f8d-da85951e32b8?aid=01M11BSYQCHVKQYA2XNYMD9MW3&mid=4oRd
OfRzu7f,Oval Frame Glasses,Eyeglasses,Max Mara,Oval,11227.04,100,https://cdn.trychannel3.com/OfRzu7f?aid=01M11BRBCEMX00PSSC7EK2PE7W&mid=5MLj
LI1rTTE,Square Frame Glasses,Vision Care,BOSS,Square,11227.04,100,https://cdn.trychannel3.com/LI1rTTE?aid=01M11BSM1G66BHXZPN2FP1F2NG&mid=5MLj
WoRNOUu,rectangle frame sunglasses,Sunglasses,Ray-Ban,Rectangle,11264.0,100,https://cdn.trychannel3.com/WoRNOUu?aid=01M11BV8M566P5VH2FK9329FKG&mid=NuBr
sycQYm4,Vogue Eyewear VO4253 352 Eyeglasses,Eyeglasses,Vogue,Other,11264.0,100,https://cdn.trychannel3.com/9764f715-1180-4474-a501-d4ebc1902744?aid=01M11BRGTFV3G6KW5PRZ0M6WVX&mid=QnTm
yV5sg8J,Nash Blue Light Glasses,Eyeglasses,Felix Gray,Other,11352.0,100,https://cdn.trychannel3.com/d1a30d70-7615-4bbc-8c9a-2193e93cea87?aid=01M11BRT3F8230HENY69FX2E82&mid=LR5d
HcAMrWY,HC5121 C2100,Eyeglasses,Coach,Other,11420.64,100,https://cdn.trychannel3.com/799a5dd2-235c-45cc-9d1b-fdd8c5169173?aid=01M11BS84FEGSJSR7EAG9RH7F0&mid=4oRd
u6cmxuC,Galaxy Computer Glasses,Eyeglasses,BON CHARGE,Other,11439.12,100,https://cdn.trychannel3.com/64a2ce9e-b6eb-4493-9ac5-12c3fb133815?aid=01M11BRRBYDXKF9H1BDHPE7JWA&mid=2yh8
bvVd9Q4,Round sunglasses,Sunglasses,Massimo Dutti,Round,11440.0,100,https://cdn.trychannel3.com/16dc203a-2784-42ee-86b2-83b101a42fa5?aid=01M11BTXJZMJ73J0P0AAPEMPY7&mid=pSmP
LIT9zPs,Square sunglasses,Sunglasses,Massimo Dutti,Square,11440.0,100,https://cdn.trychannel3.com/1a7cc20b-2f9d-44be-958a-933b85ddd06d?aid=01M11BV3TN1ARSW7EQ1YQYA71F&mid=pSmP
LlOMijG,Aviator sunglasses,Sunglasses,Massimo Dutti,Aviator,11440.0,100,https://cdn.trychannel3.com/e8eaab08-b97c-48e5-b5ed-20f913b8e113?aid=01M11BTR6RNDHH7SH1QV2DWF7Y&mid=pSmP
DDJKjZh,Oval sunglasses,Sunglasses,Massimo Dutti,Oval,11440.0,100,https://cdn.trychannel3.com/0ac94773-cfca-4942-b4cb-79a57db93644?aid=01M11BVBR2VJCQSEBC87MM22NK&mid=pSmP
YHrwyhS,Round Sunglasses,Sunglasses,Tommy Hilfiger,Round,11440.0,100,https://cdn.trychannel3.com/YHrwyhS?aid=01M11BSG0KZ1SED51JDYX3ZYT6&mid=IXIa
lGwULOu,Round resin sunglasses,Sunglasses,Massimo Dutti,Other,11440.0,100,https://cdn.trychannel3.com/45437387-fd58-41aa-8ecf-8a6fb39865fc?aid=01M11BSHD1Q26AFWZR9P4FHVNP&mid=pSmP
Mc9H8ug,Square sunglasses,Sunglasses,Massimo Dutti,Square,11440.0,100,https://cdn.trychannel3.com/aad42916-66fe-45c7-80b6-cb94b67f8447?aid=01M11BV20P1TCNEDBEBP1371S8&mid=pSmP
VgTqb7D,Geometric Sunglasses,Sunglasses,Massimo Dutti,Geometric,11440.0,100,https://cdn.trychannel3.com/4ad018d5-0102-4eaf-a9b6-6f40a8e32a6a?aid=01M11BVV4QWMAZWM9957CHTH1J&mid=pSmP
b8VwcVG,Oval sunglasses,Sunglasses,Massimo Dutti,Aviator,11440.0,100,https://cdn.trychannel3.com/3265c76e-4aa0-45a7-b16c-263cd79ee574?aid=01M11BVDG61533RD7HP9ZHZG57&mid=Mnrl
N7FrR8k,Cat-Eye Sunglasses,Sunglasses,Armani,Cat Eye,11507.76,100,https://cdn.trychannel3.com/N7FrR8k?aid=01M11BVGEGJNJM37HW7CH6YRYP&mid=5MLj
bJYEFou,Adidas Sport SP5097 009,Sunglasses,adidas,Other,11580.8,100,https://cdn.trychannel3.com/4bba4586-2626-46d1-b407-6c92cdca6758?aid=01M11BRX3HPQR248BM1AHJ3TTA&mid=YZfD
8XqTxYX,Bicolor Metal Glasses Women's (Frames),Eyeglasses,Pucci,Other,11616.0,100,https://cdn.trychannel3.com/8XqTxYX?aid=01M11BT1GR487Q5WC7FGTWJMSD&mid=FtEE
GdBE56i,Frogskins Range Polarized Square Sunglasses,Sunglasses,Oakley,Square,11641.52,100,https://cdn.trychannel3.com/ed0336ee-c9f6-4cc3-85cc-589392a48ee1?aid=01M11BS1SX7E0ZE114BNEJZEYX&mid=IXIa
8ISNyiV,Square-Frame Glasses,Eyeglasses,Maui Jim,Other,11704.0,100,https://cdn.trychannel3.com/8ISNyiV?aid=01M11BSNK6G8XSQQPC0TEWT84J&mid=NuBr
OuECTbH,Men's Sunglasses,Sunglasses,Baker by Ted Baker,Round,11704.0,100,https://cdn.trychannel3.com/b4a028ac-fb88-4dc0-a1ab-413585be1c9f?aid=01M11BSHD1Q26AFWZR9P4FHVNP&mid=FtEE
9EItQXq,801 Rounded Reading Glasses,Vision Care,Mumi Design,Round,11880.0,100,https://cdn.trychannel3.com/570b12Y?aid=01M11BRKMDZHBXR0QE8DNCQVRN&mid=cUId
tSuV0GV,TUMI 800 Rectangle Reading Glasses,Eyeglasses,Mumi Design,Rectangle,11880.0,100,https://cdn.trychannel3.com/dPzewzr?aid=01M11BRKMDZHBXR0QE8DNCQVRN&mid=cUId
06TnV2W,Fife Silver Full Frame Metal Prescription Glasses,Eyeglasses,ZEELOOL,Other,11880.0,100,https://cdn.trychannel3.com/305e7ade-109e-415e-9e3a-8b08646a80d7?aid=01M11BREY5PBZPK1DTKFRPF4VH&mid=aeSD
uahTmMe,Geometric Sunglasses,Sunglasses,Tory Burch,Geometric,11967.12,100,https://cdn.trychannel3.com/6ff91144-f6ed-406e-851c-a5f13d6264be?aid=01M11BVV4QWMAZWM9957CHTH1J&mid=ak4n
pZY7qnW,Aviator Sunglasses,Sunglasses,Philipp Plein,Aviator,11968.0,100,https://cdn.trychannel3.com/bc50e0e1-4372-4d02-b66a-58895a5c0231?aid=01M11BTTQ6AGW69JN363BEYD9X&mid=ndZg
FDrxMYR,Eyeglasses,Eyeglasses,Calvin Klein,Rectangle,12056.0,100,https://cdn.trychannel3.com/82ca9049-f5b5-45b5-a243-481cd3e65ad0?aid=01M11BRBCEMX00PSSC7EK2PE7W&mid=ZG9E
KD28aag,Aviator Sunglasses,Sunglasses,Isaac Mizrahi,Aviator,12144.0,100,https://cdn.trychannel3.com/fa2afc8e-fbea-44cd-a123-cd160d9a685b?aid=01M11BSB0Y5XBPX12GTTXWK0AR&mid=BSgy
cxWm29w,Men's Chunky Square Sunglasses,Sunglasses,Isaac Mizrahi,Square,12144.0,100,https://cdn.trychannel3.com/c775cb89-0dfb-4b4d-8128-561a22d955e2?aid=01M11BV3TN1ARSW7EQ1YQYA71F&mid=BSgy
z3n9W1q,VO 5679B,Eyeglasses,Vogue,Other,12144.0,100,https://cdn.trychannel3.com/z3n9W1q?aid=01M11BT39NDDG1K2VYKQ94AK5Q&mid=7yx8
2UaBvtX,Classic Rectangle Sunglasses,Sunglasses,Isaac Mizrahi,Rectangle,12144.0,100,https://cdn.trychannel3.com/8b8bfd6f-0d32-4b2b-a8dc-26a6acb9afe5?aid=01M11BV6T7W6NWG5K6JS2H0NRR&mid=BSgy
QkTygoJ,VO 5679B Eyeglasses,Eyeglasses,Vogue,Other,12144.0,100,https://cdn.trychannel3.com/d065d586-bafa-465a-a08f-255df5857db7?aid=01M11BT39NDDG1K2VYKQ94AK5Q&mid=7yx8
sHQ1CP5,Dira Round Sunglasses,Sunglasses,Kendra Scott,Round,12232.0,100,https://cdn.trychannel3.com/2a95c871-b6ab-41fb-9887-8d0910950949?aid=01M11BTXJZMJ73J0P0AAPEMPY7&mid=r3vk
IMQcsvm,Yohji Yamamoto Gray Round Frame / Blue Lenses Sunglasses,Sunglasses,Yohji Yamamoto,Round,12266.32,100,https://cdn.trychannel3.com/f30b7250-0be4-465e-98f9-b1097acc9dee?aid=01M11BSHD1Q26AFWZR9P4FHVNP&mid=ptG2
WObyJTM,Round Frame Glasses,Eyeglasses,Max Mara,Round,12301.52,100,https://cdn.trychannel3.com/WObyJTM?aid=01M11BTAWRHDCSZDATXF080N6Q&mid=5MLj
QhXoTBb,Geometric Sunglasses,Sunglasses,Chloé,Geometric,12317.36,100,https://cdn.trychannel3.com/a02746ac-9fda-42cc-a2cd-748c7871f8bd?aid=01M11BVSGMQS64XQC9V0C65NV6&mid=cvfe
49T0j2o,Round Designer Sunglasses,Sunglasses,Marshall's,Round,12319.12,100,https://cdn.trychannel3.com/daded403-96de-42c0-b561-b7d717dbcc65?aid=01M11BTZA1GK1ZGZSDSXHYR3B5&mid=jRDL
fkAeUQe,AR8007 Sunglasses,Sunglasses,Armani,Other,12320.0,100,https://cdn.trychannel3.com/60563ac5-c41c-4bd3-85c4-94bd79532082?aid=01M11BS1SX7E0ZE114BNEJZEYX&mid=YZfD
Kx3j2Ue,Miklos Reading Glasses,Eyeglasses,Caddis,Cat Eye,12320.0,100,https://cdn.trychannel3.com/KRssLLA?aid=01M11BRN7XSRA9X23ETG75Q3Q5&mid=4ZRx
jyoXBST,Marc 658/S,Sunglasses,Marc Jacobs,Square,12320.0,100,https://cdn.trychannel3.com/8dd680e8-6c03-49d9-b713-48fc13f948b0?aid=01M11BSWX4C2F6BP3DZ3CNF2W2&mid=jcD4
Ws5j49L,Square Frame Glasses,Eyeglasses,BOSS,Square,12346.4,100,https://cdn.trychannel3.com/Ws5j49L?aid=01M11BSM1G66BHXZPN2FP1F2NG&mid=5MLj
zqoeLq4,Metal Women's Frames,Eyeglasses,Armani,Other,12408.0,100,https://cdn.trychannel3.com/d7ab9dfb-5fd5-4f09-9c13-abe701eda955?aid=01M11BT1GR487Q5WC7FGTWJMSD&mid=PO3P
1gvUsMQ,Women Glasses Frame,Eyeglasses,Max Mara,Round,12496.0,100,https://cdn.trychannel3.com/967817e8-2cf3-4fbd-9e85-c39c0b2cef7a?aid=01M11BTCPBGXAG4MQ1TC78C3HK&mid=FtEE
VPjw0oR,Max Mara Red Women Glasses Women's Frame,Eyeglasses,Max Mara,Round,12584.0,100,https://cdn.trychannel3.com/43e956bb-9b61-4ac9-99d0-5db71b24c57c?aid=01M11BRBCEMX00PSSC7EK2PE7W&mid=FtEE
sSG3AkD,Eyeglasses PH2296 5465,Vision Care,Ralph Lauren,Rectangle,12584.0,100,https://cdn.trychannel3.com/cfebe018-9036-4a9f-b313-4a1602eefe69?aid=01M11BS84FEGSJSR7EAG9RH7F0&mid=ZG9E
xoXc0Kn,Plastic Glasses Women's (Frames),Eyeglasses,Max Mara,Other,12584.0,100,https://cdn.trychannel3.com/b811b631-f373-465b-bc9f-50691801a970?aid=01M11BT1GR487Q5WC7FGTWJMSD&mid=FtEE
SsIw1YM,Betty Oversized Sunglasses,Sunglasses,Marciano,Square,12667.6,100,https://cdn.trychannel3.com/2bb6087b-55d8-4881-b9b2-968c20119fc4?aid=01M11BVXWZDW17N8GEAJD132T1&mid=5MW2
RK9DXTV,EA 4176 Sunglasses,Sunglasses,Armani,Cat Eye,12672.0,100,https://cdn.trychannel3.com/9c686d6e-7b43-43d8-82cf-f5998c94da27?aid=01M11BT68EET3WVTHRWMC11Y77&mid=7yx8
3oIR4BP,Thin Black Frame Glasses,Eyeglasses,ZEELOOL,Other,12672.0,100,https://cdn.trychannel3.com/ce59d65d-2d1d-4bbb-bdf5-ff11b5e07156?aid=01M11BTFMDTHE5ART8Q4HAS3N7&mid=aeSD
ub3Gh64,Round Frame Glasses,Eyeglasses,Jimmy Choo,Cat Eye,12712.48,100,https://cdn.trychannel3.com/ub3Gh64?aid=01M11BTAWRHDCSZDATXF080N6Q&mid=5MLj
yXw8ioM,Mega Wayfarer Sunglasses,Sunglasses,Ray-Ban,Wayfarer,12751.2,100,https://cdn.trychannel3.com/5022dcf7-7228-435c-9fb3-ac0fd4997ea6?aid=01M11BVPSN0RP6RM7ETE4HK327&mid=tbO1
n5OKeTN,Women Glasses Frame,Eyeglasses,Pucci,Other,12848.0,100,https://cdn.trychannel3.com/bade654c-ac9e-434e-b4d5-337f0e0d9593?aid=01M11BTCPBGXAG4MQ1TC78C3HK&mid=FtEE
xLARrGJ,BE2369 Eyeglasses,Eyeglasses,Burberry,Other,12892.0,100,https://cdn.trychannel3.com/ff2d3d13-cd26-42c1-8ffe-893160a8e2d0?aid=01M11BS6BVM15Z7W0WQ66BKBYY&mid=YZfD
NdSteOW,Square Frame Glasses,Eyeglasses,H. Lanvin & Fils,Square,12895.52,100,https://cdn.trychannel3.com/NdSteOW?aid=01M11BTFMDTHE5ART8Q4HAS3N7&mid=5MLj
KCX37oh,Tabitha/S Sunglasses,Sunglasses,Kate Spade,Rectangle,12936.0,100,https://cdn.trychannel3.com/84c4c784-8458-49f4-baed-8b294cd310e6?aid=01M11BSWX4C2F6BP3DZ3CNF2W2&mid=YZfD
QNXRD8R,The Gadjo Round Men's Sunglasses,Sunglasses,Jimmy Fairly,Round,13024.0,100,https://cdn.trychannel3.com/3b457bb5-2e43-4f21-a230-24e565170072?aid=01M11BSG0KZ1SED51JDYX3ZYT6&mid=mJNc
KGqP9Ea,The Headlight,Sunglasses,Jimmy Fairly,Rectangle,13024.0,100,https://cdn.trychannel3.com/0b9c5206-f164-4953-aba5-15d9b9a9288e?aid=01M11BS3FXXC8EQ4KP1915G608&mid=mJNc
lkZogKy,Black Plastic Glasses Women's (Frames),Eyeglasses,Max Mara,Other,13024.0,100,https://cdn.trychannel3.com/fb1944c2-4325-4d6b-b81b-0063697ba1d3?aid=01M11BT1GR487Q5WC7FGTWJMSD&mid=FtEE
wOJMvGy,Havana Round Sunglasses,Sunglasses,Tommy John,Round,13112.0,100,https://cdn.trychannel3.com/3c5d8f00-cfb0-4fd6-a738-6dd63179fcc4?aid=01M11BSHD1Q26AFWZR9P4FHVNP&mid=7yx8
5NEZKxl,Men's Brown Square Eyeglass Frames,Eyeglasses,Harley-Davidson,Square,13112.0,100,https://cdn.trychannel3.com/5NEZKxl?aid=01M11BSM1G66BHXZPN2FP1F2NG&mid=IXIa
MjuMdKg,Flat Top Reading Glasses,Eyeglasses,Marni,Other,13197.36,100,https://cdn.trychannel3.com/a85e0f77-8ec3-4823-833a-f1c61c48a6bf?aid=01M11BRKMDZHBXR0QE8DNCQVRN&mid=cvfe
7uUNZx1,Men's Sunglasses,Sunglasses,Burberry,Other,13199.12,100,https://cdn.trychannel3.com/20bf97e1-6f73-45eb-8502-cf5defa804fd?aid=01M11BSHD1Q26AFWZR9P4FHVNP&mid=IXIa
rorUlMG,Oversized Sunglasses,Sunglasses,Maui Jim,Oversized,13199.12,100,https://cdn.trychannel3.com/2c1e0aec-c612-4b77-9a7d-58f5eda41292?aid=01M11BVXWZDW17N8GEAJD132T1&mid=ndZg
6l05o7c,Jay Satin Silver,Eyeglasses,Ace & Tate,Other,13200.0,100,https://cdn.trychannel3.com/c43242b6-6c91-4cdc-8f1b-c26a0b9dd7a2?aid=01M11BRGTFV3G6KW5PRZ0M6WVX&mid=rSuu
SbzRjax,Theo,Eyeglasses,Ace & Tate,Geometric,13200.0,100,https://cdn.trychannel3.com/b200ca2c-3eb4-4d90-aec3-6faf22f84da3?aid=01M11BRGTFV3G6KW5PRZ0M6WVX&mid=rSuu
sjjAEyk,Contrasting Classic Aviator Sunglasses,Sunglasses,Isaac Mizrahi,Aviator,13200.0,100,https://cdn.trychannel3.com/10bfd685-8c7c-4d4c-bc59-4b889701d86f?aid=01M11BSB0Y5XBPX12GTTXWK0AR&mid=BSgy
BmrcRbc,Neil,Eyeglasses,Ace & Tate,Other,13200.0,100,https://cdn.trychannel3.com/7c6edf60-6aa9-49c1-9e0f-7bd033ab27e7?aid=01M11BRGTFV3G6KW5PRZ0M6WVX&mid=rSuu
D5bHlFj,The Rectangle Sunglasses,Sunglasses,Marc Jacobs,Rectangle,13200.0,100,https://cdn.trychannel3.com/5cf2ee2b-ba2a-4154-be58-1d10c8d64435?aid=01M11BV6T7W6NWG5K6JS2H0NRR&mid=M1XV
Bo0ktIU,CHEYENNE/P/S Sunglasses,Sunglasses,Kate Spade,Oval,13244.0,100,https://cdn.trychannel3.com/5ae4da44-662a-42ea-a67a-9142c1ae8d59?aid=01M11BSWX4C2F6BP3DZ3CNF2W2&mid=YZfD
EcFgXu4,AI Smart Sports Glasses,Smart Glasses,PRIMEPLUS,Other,13446.4,100,https://cdn.trychannel3.com/318499a8-9ead-4bf2-b98f-745f96d77588?aid=01M11BRX3HPQR248BM1AHJ3TTA&mid=p1PB
vVSFvNM,TMS203 Sunglasses,Sunglasses,Baker by Ted Baker,Other,13589.84,100,https://cdn.trychannel3.com/35d49705-dd4e-4ab8-b070-955740f5b517?aid=01M11BSHD1Q26AFWZR9P4FHVNP&mid=YZfD
vT1iKiE,TMS094 Sunglasses,Sunglasses,Baker by Ted Baker,Round,13589.84,100,https://cdn.trychannel3.com/1b6e3476-ce1d-47d1-8618-b64e27b8145a?aid=01M11BSHD1Q26AFWZR9P4FHVNP&mid=YZfD
z0A1lzi,Oversized Frame Sunglasses,Sunglasses,Marni,Aviator,13603.04,100,https://cdn.trychannel3.com/83230266-e524-4888-a002-c82e174d4448?aid=01M11BVXWZDW17N8GEAJD132T1&mid=5MLj
TjVt025,Brown Gradient Cat Eye Sunglasses,Sunglasses,Lacoste,Cat Eye,13640.0,100,https://cdn.trychannel3.com/9de3d3c3-1480-4ba0-ae0c-6a5ca346efd2?aid=01M11BT68EET3WVTHRWMC11Y77&mid=jcD4
8CKIOMP,EA1153 Optical Frame,Eyeglasses,Armani,Rectangle,13904.0,100,https://cdn.trychannel3.com/05f435f5-9a43-4eda-8b3b-f44df4af2502?aid=01M11BS84FEGSJSR7EAG9RH7F0&mid=gErQ
4yog09G,Emporio Armani EA3190 5410 Pink,Eyeglasses,Armani,Other,13904.0,100,https://cdn.trychannel3.com/d7241a6c-ca99-4235-9394-ed8aec4f5311?aid=01M11BT39NDDG1K2VYKQ94AK5Q&mid=gErQ
a9p2Vgc,Eyeglasses,Eyeglasses,BOSS,Other,13904.0,100,https://cdn.trychannel3.com/37303af1-b402-4908-943d-6754b16f52f2?aid=01M11BS6BVM15Z7W0WQ66BKBYY&mid=7yx8
tCavESP,HG 1078 eyeglasses,Eyeglasses,BOSS,Other,13904.0,100,https://cdn.trychannel3.com/af20f52d-da1a-4d7f-900d-1ac070d586e8?aid=01M11BT1GR487Q5WC7FGTWJMSD&mid=7yx8
wo27ZId,New Wayfarer Sunglasses,Sunglasses,Ray-Ban,Aviator,13992.0,100,https://cdn.trychannel3.com/90e9c43e-e38a-43f2-a52f-1b5c519592c5?aid=01M11BVN0YM0AY1022DYMQ4AVA&mid=dCgO
BDrN6ra,Rectabgle Sunglasses,Sunglasses,Diesel,Other,13992.0,100,https://cdn.trychannel3.com/280b9803-0b6f-4d51-b22d-da1b4ddec97f?aid=01M11BS3FXXC8EQ4KP1915G608&mid=7DeM
Ly8Txdt,Carolyn Oval Sunglasses,Sunglasses,Sanctuary,Oval,13992.0,100,https://cdn.trychannel3.com/7ca0706b-9fe5-4210-a641-2b301bfee484?aid=01M11BVBR2VJCQSEBC87MM22NK&mid=4OBv
m2zLHAy,Cat Eye Sunglasses,Sunglasses,Alexander McQueen,Cat Eye,14077.36,100,https://cdn.trychannel3.com/f8294bee-09bb-45a0-9ddb-1dd7b9c0a7d9?aid=01M11BT8274GQM3Z2Q4KAQKY59&mid=cvfe
ZLV6hUS,Plastic Glasses Frames,Eyeglasses,Unknown,Other,14080.0,100,https://cdn.trychannel3.com/ZLV6hUS?aid=01M11BS84FEGSJSR7EAG9RH7F0&mid=FtEE
BkkK0V7,HD9027 Eyeglasses,Eyeglasses,Harley-Davidson,Rectangle,14097.6,100,https://cdn.trychannel3.com/c17f6e7c-6088-4aa1-a9e8-c503011ff8c7?aid=01M11BS6BVM15Z7W0WQ66BKBYY&mid=YZfD
dNYmJHe,Mega Wayfarer Sunglasses,Sunglasses,Ray-Ban,Wayfarer,14106.4,100,https://cdn.trychannel3.com/dNYmJHe?aid=01M11BVPSN0RP6RM7ETE4HK327&mid=tbO1
m52WhjM,Men Glasses Frame,Eyeglasses,Police,Other,14168.0,100,https://cdn.trychannel3.com/01KDJJAM2E6W6TGP5WXVWH9RWM?aid=01M11BSNK6G8XSQQPC0TEWT84J&mid=FtEE
S216V4N,Women's Brown Cat-Eye Sunglasses,Sunglasses,Marc Jacobs,Cat Eye,14256.0,100,https://cdn.trychannel3.com/3d6abc18-a974-4b55-9ecf-65ca7eb75f37?aid=01M11BT68EET3WVTHRWMC11Y77&mid=M1XV
KCuAQPV,The Cat Eye Sunglasses,Sunglasses,Marc Jacobs,Cat Eye,14256.0,100,https://cdn.trychannel3.com/108ce7c0-6192-4c12-a8a8-b92d07d238bc?aid=01M11BVGEGJNJM37HW7CH6YRYP&mid=M1XV
HKBsOJm,Sunglasses,Sunglasses,Marc Jacobs,Other,14256.0,100,https://cdn.trychannel3.com/1913d561-a89d-49d7-a284-9281c17c3f6c?aid=01M11BSYQCHVKQYA2XNYMD9MW3&mid=jcD4
i8DSHK0,BB5195 Eyeglasses,Vision Care,Bebe,Oval,14256.0,100,https://cdn.trychannel3.com/e32a178f-f24e-4522-868f-86fc217f39e5?aid=01M11BT1GR487Q5WC7FGTWJMSD&mid=YZfD
7uFeDZ2,BE4403F Sunglasses,Sunglasses,Burberry,Rectangle,14256.0,100,https://cdn.trychannel3.com/32056d4f-fa55-4fd9-8a2b-4ad734325a8d?aid=01M11BS1SX7E0ZE114BNEJZEYX&mid=YZfD
uyrVNbm,The Oval Sunglasses,Sunglasses,Marc Jacobs,Aviator,14256.0,100,https://cdn.trychannel3.com/d5614f37-23b1-46b0-96ea-800ad9762362?aid=01M11BVBR2VJCQSEBC87MM22NK&mid=M1XV
pRj8VSH,Tailwind Evo VPLD06,Eyeglasses,Police,Other,14344.0,100,https://cdn.trychannel3.com/21d00594-4d73-410e-8803-eddaab4e2171?aid=01M11BRGTFV3G6KW5PRZ0M6WVX&mid=Wp3b
v3zZ6Zh,VE3348,Eyeglasses,Versace,Other,14344.0,100,https://cdn.trychannel3.com/fe2ca6c1-03e2-4964-9f77-ebadf0d68b9c?aid=01M11BS84FEGSJSR7EAG9RH7F0&mid=1A4O
9et91fd,'Case Closed' Reading Glasses,Vision Care,Eyebobs,Round,14432.0,100,https://cdn.trychannel3.com/0d5402bc-e1b2-435e-9a8b-a2cdb5705401?aid=01M11BRN7XSRA9X23ETG75Q3Q5&mid=2ckF
BxYOGGd,'Case Closed' Reading Glasses,Vision Care,Eyebobs,Other,14520.0,100,https://cdn.trychannel3.com/725efa47-0023-49b9-bf09-2713a8eca3b3?aid=01M11BRN7XSRA9X23ETG75Q3Q5&mid=2ckF
AaykKbT,RECTANGLE SUNGLASSES,Sunglasses,Nautica,Rectangle,14520.0,100,https://cdn.trychannel3.com/3a3097f5-8ed2-4ea2-b0e2-0a3d176b1585?aid=01M11BV8M566P5VH2FK9329FKG&mid=L8yR
clwg55X,Men's Sunglasses,Sunglasses,Police,Other,14608.0,100,https://cdn.trychannel3.com/cd7181da-3b62-4ccd-9e82-9f959bfe8aea?aid=01M11BS1SX7E0ZE114BNEJZEYX&mid=FtEE
VtI7vXb,VE4456U Sunglasses,Sunglasses,Versace,Other,14696.0,100,https://cdn.trychannel3.com/e69e6df7-1d3c-4559-8569-dff9fe0f775d?aid=01M11BR6P8YAZM07MPZ8QXECND&mid=YZfD
9mgkovZ,Square Frame Glasses,Eyeglasses,H. Lanvin & Fils,Square,14748.8,100,https://cdn.trychannel3.com/9mgkovZ?aid=01M11BTFMDTHE5ART8Q4HAS3N7&mid=5MLj
MHGGAQm,Men’s Aviator Sunglasses,Sunglasses,Armani,Aviator,14784.0,100,https://cdn.trychannel3.com/d592a5ea-a1cc-4618-ac74-379331f96fa0?aid=01M11BSB0Y5XBPX12GTTXWK0AR&mid=D8bR
lxCNZgb,Seacliff Sunglasses,Sunglasses,TravisMathew,Other,14846.48,100,https://cdn.trychannel3.com/2608891c-4fc0-4e83-8d4e-d1019053acb8?aid=01M11BR4KFKJCEKWZW9T913FM4&mid=HPhE
pwVzAFt,Square Reading Glasses,Eyeglasses,Alexander McQueen,Other,14957.36,100,https://cdn.trychannel3.com/f3c67d19-c5a5-4d90-b099-1c301b90f522?aid=01M11BRKMDZHBXR0QE8DNCQVRN&mid=cvfe
ha3NF7U,BRIELLA Eyeglasses,Eyeglasses,Kate Spade,Other,14960.0,100,https://cdn.trychannel3.com/a40d678e-2b42-4052-9000-b60fe9406d63?aid=01M11BR9MV1Z9N2MS03M5TXQN9&mid=7yx8
MJAi9Rx,Square Optical Glasses,Eyeglasses,Diesel,Other,14960.0,100,https://cdn.trychannel3.com/MJAi9Rx?aid=01M11BSNK6G8XSQQPC0TEWT84J&mid=asdf
f8UD47F,Plastic Glasses Frames,Eyeglasses,Yohji Yamamoto,Other,15048.0,100,https://cdn.trychannel3.com/e2d2f5a3-5ec1-4be3-a553-e9757bf23464?aid=01M11BSNK6G8XSQQPC0TEWT84J&mid=FtEE
ok18wBw,Atalina/F Eyeglasses,Vision Care,Kate Spade,Other,15092.0,100,https://cdn.trychannel3.com/5e6f2d7c-d6af-4b05-b662-2dba57f91579?aid=01M11BRGTFV3G6KW5PRZ0M6WVX&mid=YZfD
XbK18t5,Acetate Round Sunglasses,Sunglasses,Thom Browne,Round,15092.0,100,https://cdn.trychannel3.com/c6f46df6-f00b-423d-835f-8517dbfeacdc?aid=01M11BTZA1GK1ZGZSDSXHYR3B5&mid=qqoU
JENIaoL,Hugh Geometric Glasses,Sunglasses,ZEELOOL,Geometric,15136.0,100,https://cdn.trychannel3.com/840a8dcf-23a0-4a2a-b89c-10ade1bd36eb?aid=01M11BVV4QWMAZWM9957CHTH1J&mid=aeSD
AKTpIbT,BB1044 Eyeglasses,Eyeglasses,Brooks Brothers,Other,15136.0,100,https://cdn.trychannel3.com/74b9dcaa-a4f4-4cec-a765-c3a179be6949?aid=01M11BS84FEGSJSR7EAG9RH7F0&mid=Roew
SwFFKY1,Acetate Glasses Women's (Frames),Eyeglasses,Yohji Yamamoto,Other,15136.0,100,https://cdn.trychannel3.com/SwFFKY1?aid=01M11BT1GR487Q5WC7FGTWJMSD&mid=FtEE
RW6Usm7,Mega Wayfarer sunglasses,Sunglasses,Ray-Ban,Wayfarer,15312.0,100,https://cdn.trychannel3.com/RW6Usm7?aid=01M11BVPSN0RP6RM7ETE4HK327&mid=NuBr
iE6mM2S,David Beckham DB1178/S Round Sunglasses,Sunglasses,David Beckham,Round,15312.0,100,https://cdn.trychannel3.com/58d85753-fd33-4482-8bd9-4e4a65e320d5?aid=01M11BSG0KZ1SED51JDYX3ZYT6&mid=eYkc
LQFrglK,AR5089 Eyeglasses,Eyeglasses,Armani,Other,15356.0,100,https://cdn.trychannel3.com/ad7248df-a7f3-4e92-bf9a-3f1970c956a9?aid=01M11BS6BVM15Z7W0WQ66BKBYY&mid=YZfD
D6tOiIw,Estacado Prescription Glasses,Eyeglasses,ROKA,Other,15400.0,100,https://cdn.trychannel3.com/661a11e3-2307-499a-8844-063f84a16085?aid=01M11BRGTFV3G6KW5PRZ0M6WVX&mid=UMnC
DJWPCKP,Aviator Sunglasses,Sunglasses,Nordstrom,Aviator,15400.0,100,https://cdn.trychannel3.com/DJWPCKP?aid=01M11BTTQ6AGW69JN363BEYD9X&mid=asdf
HQMUkdX,Men Glasses Frame,Eyeglasses,Lonza,Rectangle,15576.0,100,https://cdn.trychannel3.com/6bf8c976-288c-4a0c-843d-0f8e2577806c?aid=01M11BSNK6G8XSQQPC0TEWT84J&mid=PO3P
aXC6Aqc,New Wayfarer Sunglasses,Sunglasses,Ray-Ban,Wayfarer,15664.0,100,https://cdn.trychannel3.com/13871921-ecfe-45ab-9511-8f89c1b59898?aid=01M11BVN0YM0AY1022DYMQ4AVA&mid=jcD4
l8cYXmd,Oversized Wayfarer Sunglasses,Sunglasses,Ray-Ban,Wayfarer,15664.0,100,https://cdn.trychannel3.com/5615c49a-33c8-4434-acc1-5cb3ad4e1620?aid=01M11BVN0YM0AY1022DYMQ4AVA&mid=jcD4
HiXBpl8,David Beckham DB 1140/S EX4 DG Sunglasses Brown Horn,Sunglasses,Victoria Beckham,Other,15752.0,100,https://cdn.trychannel3.com/0f033ea5-b6d2-4b6b-8925-e34408f7fdbc?aid=01M11BS3FXXC8EQ4KP1915G608&mid=gErQ
CLyZFYA,Round Aviator Sunglasses,Sunglasses,Barbour,Aviator,15752.0,100,https://cdn.trychannel3.com/a6853f43-113a-441b-88de-df2fcae583eb?aid=01M11BSD61BRR0ZZNK6QTF02DN&mid=TDEk
gJyu2ON,Rectangle Sunglasses,Sunglasses,Nautica,Rectangle,15752.0,100,https://cdn.trychannel3.com/b4e7b154-9902-48b4-b08b-97ef9ff58aea?aid=01M11BV8M566P5VH2FK9329FKG&mid=L8yR
JwGGwsj,Rectangle Sunglasses,Sunglasses,Nautica,Rectangle,15752.0,100,https://cdn.trychannel3.com/8da3bf8e-6ce0-49c9-a6b2-f612c17f708a?aid=01M11BV8M566P5VH2FK9329FKG&mid=L8yR
PUPE7Dx,Square Optical Glasses,Eyeglasses,Mont Blanc,Other,15837.36,100,https://cdn.trychannel3.com/7a314171-e28f-436d-921f-6e20d38e232b?aid=01M11BSNK6G8XSQQPC0TEWT84J&mid=cvfe
53jKBym,Mikey Sunglasses,Sunglasses,Up The Stuss,Other,15840.0,100,https://cdn.trychannel3.com/1d266d56-a0e5-4ad3-9071-f9a468565f8d?aid=01M11BRYZDM7972JP72S04KP5N&mid=CQ2e
cZVvpOD,Scuderia Ferrari 55mm Rectangular Optical Glasses,Eyeglasses,Ferrari,Other,15840.0,100,https://cdn.trychannel3.com/fe2d6c03-e658-48ec-a548-897bf4e7d05e?aid=01M11BRGTFV3G6KW5PRZ0M6WVX&mid=asdf
he2jo0P,Men Glasses Frame,Eyeglasses,Land Rover,Square,15840.0,100,https://cdn.trychannel3.com/8e0c6db6-b185-485d-803a-7373c9e2498e?aid=01M11BSNK6G8XSQQPC0TEWT84J&mid=PO3P
Ipd7hbw,SK2065 Eyeglasses,Eyeglasses,Swarovski,Cat Eye,15840.0,100,https://cdn.trychannel3.com/f67166d2-30ca-4106-a5e8-36663e33700f?aid=01M11BR9MV1Z9N2MS03M5TXQN9&mid=1A4O
t3iZxWy,Original Wayfarer Sunglasses,Sunglasses,Ray-Ban,Wayfarer,15840.0,100,https://cdn.trychannel3.com/b2408985-07ca-485c-9df5-291ba24d3010?aid=01M11BVN0YM0AY1022DYMQ4AVA&mid=pyJB
oyCJsAJ,Ray‑Ban Round Sunglasses,Sunglasses,Ray-Ban,Round,15840.0,100,https://cdn.trychannel3.com/0b2f53f0-876e-4a30-93df-16439c71a308?aid=01M11BTXJZMJ73J0P0AAPEMPY7&mid=htD4
GpFvdWe,Saint Laurent SL 504,Eyeglasses,Yves Saint Laurent,Cat Eye,15910.4,100,https://cdn.trychannel3.com/3585790f-4b91-4b2c-a1a9-af187c6fffd4?aid=01M11BT39NDDG1K2VYKQ94AK5Q&mid=4oRd
FpF5lbE,Geometric Sunglasses,Sunglasses,GCDS,Geometric,15928.0,100,https://cdn.trychannel3.com/FpF5lbE?aid=01M11BVSGMQS64XQC9V0C65NV6&mid=7yx8
YUI31Ma,Geometric Sunglasses,Sunglasses,GCDS,Geometric,15928.0,100,https://cdn.trychannel3.com/YUI31Ma?aid=01M11BVSGMQS64XQC9V0C65NV6&mid=7yx8
VaWoJZG,Metal Hangtag Round Sunglasses,Sunglasses,Coach,Round,15928.0,100,https://cdn.trychannel3.com/5371b6da-8af4-4290-9054-001aeea74d25?aid=01M11BTZA1GK1ZGZSDSXHYR3B5&mid=e1cY
28sUVg0,EA3099,Eyeglasses,Armani,Other,16104.0,100,https://cdn.trychannel3.com/07bcac50-fc94-404f-ad5d-c311a809af1d?aid=01M11BT39NDDG1K2VYKQ94AK5Q&mid=FDzv
h4RMiIH,Costa Kailano S Sunglasses,Sunglasses,Costa Del Mar,Wayfarer,16139.2,100,https://cdn.trychannel3.com/567b3296-b5ea-4df0-9d6b-d66bb09f19ed?aid=01M11BR6P8YAZM07MPZ8QXECND&mid=Utsv
5hnaWZF,Square Sunglasses,Sunglasses,Marc Jacobs,Wayfarer,16192.0,100,https://cdn.trychannel3.com/5hnaWZF?aid=01M11BV20P1TCNEDBEBP1371S8&mid=asdf
MttGT6D,Lincoln Sunglasses,Sunglasses,Off-White,Cat Eye,16280.0,100,https://cdn.trychannel3.com/01KQS51YZA83NK2A2TM6MDJ4XS?aid=01M11BR6P8YAZM07MPZ8QXECND&mid=G9q0
wruSdpI,Oversized Sunglasses,Sunglasses,Longchamp,Oversized,16280.0,100,https://cdn.trychannel3.com/wruSdpI?aid=01M11BVZFQ8CDJ55YMJQPG8PQN&mid=IXIa
DY4nALb,Lola Prescription Glasses,Eyeglasses,ROKA,Cat Eye,16280.0,100,https://cdn.trychannel3.com/33bb18aa-6d0b-4cb5-a1af-dacc297b5a4c?aid=01M11BREY5PBZPK1DTKFRPF4VH&mid=UMnC
T6QFOvo,Sunglasses Honey,Sunglasses,Longchamp,Oval,16280.0,100,https://cdn.trychannel3.com/3360b605-a9a6-4982-bdf2-8fae5db5c194?aid=01M11BR6P8YAZM07MPZ8QXECND&mid=eqGq
C1sioyb,Round Frame Glasses,Eyeglasses,Burberry,Cat Eye,16301.12,100,https://cdn.trychannel3.com/C1sioyb?aid=01M11BTAWRHDCSZDATXF080N6Q&mid=5MLj
EHODYt0,Oval sunglasses,Sunglasses,Diesel,Oval,16368.0,100,https://cdn.trychannel3.com/c62b7222-52cf-454b-8c22-56bd9197a0fb?aid=01M11BVDG61533RD7HP9ZHZG57&mid=O1UC
9tNYd2F,MAKENSIE Eyeglasses,Vision Care,Kate Spade,Geometric,16368.0,100,https://cdn.trychannel3.com/8135fc2a-75f5-4549-9097-c98eac4a6263?aid=01M11BR9MV1Z9N2MS03M5TXQN9&mid=7yx8
9N0jf7X,AMABELLA/G Eyeglasses,Eyeglasses,Kate Spade,Other,16368.0,100,https://cdn.trychannel3.com/2d95543e-302e-4442-8d9f-42732c978198?aid=01M11BT1GR487Q5WC7FGTWJMSD&mid=7yx8
CMHHkNH,OVAL SUNGLASSES,Sunglasses,ALAÏA PARIS,Oval,16438.4,100,https://cdn.trychannel3.com/08b0a756-228a-44db-ba55-3febc83f40f0?aid=01M11BVBR2VJCQSEBC87MM22NK&mid=5MLj
xCU84Tt,Gisela Eyeglasses,Eyeglasses,Vera Bradley,Oval,16587.12,100,https://cdn.trychannel3.com/99b33cd8-5827-4b4f-b35e-426e27cc07f6?aid=01M11BREY5PBZPK1DTKFRPF4VH&mid=YZfD
6VFAVCs,Metal Glasses,Eyeglasses,Victoria Beckham,Oval,16632.0,100,https://cdn.trychannel3.com/6VFAVCs?aid=01M11BTCPBGXAG4MQ1TC78C3HK&mid=FtEE
IX4jZwr,Elisa Oversized Square Sunglasses,Sunglasses,Kendra Scott,Square,16632.0,100,https://cdn.trychannel3.com/3837944a-9f09-4bc3-9358-a43e7fa1f76b?aid=01M11BTKZCV6DDXSBTPB833W5S&mid=r3vk
6V58NWh,Bella Prescription Glasses,Eyeglasses,Diff Eyewear,Square,16632.0,100,https://cdn.trychannel3.com/d695b33d-e421-4498-af5f-5b46f6601da9?aid=01M11BRGTFV3G6KW5PRZ0M6WVX&mid=giUy
FoqfQgF,Premiums Sport / Rx,Eyeglasses,Knockaround,Square,16720.0,100,https://cdn.trychannel3.com/efc6b11c-49d0-4699-9f37-c4e310029f04?aid=01M11BRYZDM7972JP72S04KP5N&mid=XZl2
UDXRps3,Textured Metal Round Sunglasses,Sunglasses,Coach,Round,16720.0,100,https://cdn.trychannel3.com/04bc67fd-4887-4a74-9abb-23ca1ac61bb8?aid=01M11BSHD1Q26AFWZR9P4FHVNP&mid=e1cY
CWmB8xQ,Desiree Sunglasses,Sunglasses,Vera Bradley,Square,16789.52,100,https://cdn.trychannel3.com/c52ca63c-eb0e-491d-8a75-79c5479dbc09?aid=01M11BSWX4C2F6BP3DZ3CNF2W2&mid=YZfD
OfpgSNQ,Original Wayfarer Sunglasses,Sunglasses,Ray-Ban,Wayfarer,16808.0,100,https://cdn.trychannel3.com/940551d4-0ac9-45c2-bdfb-e6594b3bf6e8?aid=01M11BVN0YM0AY1022DYMQ4AVA&mid=qqoU
3CBxYXI,Aviator Sunglasses,Sunglasses,Ray-Ban,Aviator,16808.0,100,https://cdn.trychannel3.com/39a8b2ae-1339-409f-a1f0-f7f9b4664882?aid=01M11BTTQ6AGW69JN363BEYD9X&mid=MywU
6TbFpqi,Original Wayfarer Sunglasses,Sunglasses,Ray-Ban,Wayfarer,16808.0,100,https://cdn.trychannel3.com/1d952b74-18b5-44c4-ba11-4845cd9a7f93?aid=01M11BVN0YM0AY1022DYMQ4AVA&mid=YZfD
KoEZOcK,Wayfarer Sunglasses,Sunglasses,Ray-Ban,Wayfarer,16808.0,100,https://cdn.trychannel3.com/12b26536-24ca-4f02-ad39-2d51b95eb567?aid=01M11BVN0YM0AY1022DYMQ4AVA&mid=asdf
ZjMFcuc,Unisex Square Sunglasses,Sunglasses,Armani,Square,16896.0,100,https://cdn.trychannel3.com/f9d5b61b-38f3-4082-a221-e84f12ffac80?aid=01M11BV3TN1ARSW7EQ1YQYA71F&mid=D8bR
8zZ8bmd,Rectangle Frame Glasses,Eyeglasses,Tom Ford,Rectangle,16939.12,100,https://cdn.trychannel3.com/8zZ8bmd?aid=01M11BSR8SWWC3VFNYM83JVD4T&mid=5MLj
nb21Wg7,PH1157 Glasses,Eyeglasses,Ralph Lauren,Other,17072.0,100,https://cdn.trychannel3.com/073337b9-71b5-4a2b-8cc8-f806ffb2b500?aid=01M11BREY5PBZPK1DTKFRPF4VH&mid=Roew
gqQ1lNE,Jezebelle Sunglasses,Sunglasses,Oliver Peoples,Other,17159.12,100,https://cdn.trychannel3.com/gqQ1lNE?aid=01M11BSYQCHVKQYA2XNYMD9MW3&mid=ptG2
QHz0Y8g,Wayfarer Sunglasses,Sunglasses,Tory Burch,Wayfarer,17160.0,100,https://cdn.trychannel3.com/fb10424d-91ee-404d-a746-720f77708f1a?aid=01M11BVPSN0RP6RM7ETE4HK327&mid=fda4
2Lmkk8B,Geometric Sunglasses,Sunglasses,Coach,Geometric,17160.0,100,https://cdn.trychannel3.com/2Lmkk8B?aid=01M11BVV4QWMAZWM9957CHTH1J&mid=asdf
RyLh8Mc,Polarized Geometric Sunglasses,Sunglasses,Nordstrom,Geometric,17160.0,100,https://cdn.trychannel3.com/RyLh8Mc?aid=01M11BVSGMQS64XQC9V0C65NV6&mid=asdf
DC2ZjiF,Square Frame Glasses,Vision Care,Gucci,Square,17297.28,100,https://cdn.trychannel3.com/DC2ZjiF?aid=01M11BTFMDTHE5ART8Q4HAS3N7&mid=5MLj
e8vhjuA,Geometric Sunglasses,Sunglasses,Ray-Ban,Aviator,17336.0,100,https://cdn.trychannel3.com/6d7fbcad-e5c4-4b8a-a459-4ac042d124c6?aid=01M11BVSGMQS64XQC9V0C65NV6&mid=jcD4
P2fsklO,VE4510U Sunglasses,Sunglasses,Versace,Oversized,17424.0,100,https://cdn.trychannel3.com/6a41fa3d-01ca-4f2c-a3f9-127bd23aa280?aid=01M11BSYQCHVKQYA2XNYMD9MW3&mid=4oRd
yUKBuqn,Athens Oversized Sunglasses,Sunglasses,Lele Sadoughi,Oversized,17424.0,100,https://cdn.trychannel3.com/be2f4d57-10d6-4d81-8d7c-688ecdafb100?aid=01M11BVXWZDW17N8GEAJD132T1&mid=gb5P
3siovTP,Polarized Small Geometric Sunglasses,Sunglasses,Paige Kozak,Geometric,17512.0,100,https://cdn.trychannel3.com/3siovTP?aid=01M11BVSGMQS64XQC9V0C65NV6&mid=asdf
h6YktDY,Oversized Sunglasses,Sunglasses,Porsche Design,Oversized,17512.0,100,https://cdn.trychannel3.com/h6YktDY?aid=01M11BVZFQ8CDJ55YMJQPG8PQN&mid=IXIa
IL054p2,48mm Small Round Sunglasses,Sunglasses,Nordstrom,Round,17512.0,100,https://cdn.trychannel3.com/dcca6645-23e8-4857-852f-34bb4c8497ff?aid=01M11BTZA1GK1ZGZSDSXHYR3B5&mid=asdf
UhnXHaF,Men Glasses Frame,Eyeglasses,Police,Square,17512.0,100,https://cdn.trychannel3.com/0144a3a0-c3c8-4a7e-8cff-d5a34ec59bbc?aid=01M11BSNK6G8XSQQPC0TEWT84J&mid=PO3P
t07x632,Rectangle-Frame Sunglasses,Sunglasses,Versace,Rectangle,17599.12,100,https://cdn.trychannel3.com/BxVXXCT?aid=01M11BR6P8YAZM07MPZ8QXECND&mid=IXIa
R6jkdya,Cat Eye Ladies Sunglasses,Sunglasses,Fendi,Cat Eye,17599.12,100,https://cdn.trychannel3.com/fdf7646b-3874-447f-8286-cf8e1f2280ec?aid=01M11BT68EET3WVTHRWMC11Y77&mid=IXIa
3n9Cinu,Stainless Steel Glasses Frames,Eyeglasses,BOSS,Other,17600.0,100,https://cdn.trychannel3.com/708dd0a0-72a8-4308-b04b-b061c0d02103?aid=01M11BS6BVM15Z7W0WQ66BKBYY&mid=FtEE
CSkWfxY,MIKEY POLARIZED SUNGLASSES,Sunglasses,Up The Stuss,Other,17600.0,100,https://cdn.trychannel3.com/7c14b4bb-1e41-4610-b57c-3fe740dd7628?aid=01M11BRYZDM7972JP72S04KP5N&mid=CQ2e
RrdpSCX,Mikey Polarized Sunglasses,Sunglasses,Up The Stuss,Other,17600.0,100,https://cdn.trychannel3.com/dfc0ae0b-8f0c-4eea-9c3f-f2cec23dc1d8?aid=01M11BRYZDM7972JP72S04KP5N&mid=CQ2e
UgHRswn,AETHER SUNGLASSES,Sunglasses,HELIOT EMIL™,Geometric,17600.0,100,https://cdn.trychannel3.com/66e0895c-8048-4fa9-8bb2-9dd9d2479f11?aid=01M11BR6P8YAZM07MPZ8QXECND&mid=ZV3S
joLZFwB,Square Frame Glasses,Eyeglasses,Burberry,Square,17703.84,100,https://cdn.trychannel3.com/joLZFwB?aid=01M11BRGTFV3G6KW5PRZ0M6WVX&mid=5MLj
lu6SGxk,Mega Wayfarer Sunglasses,Sunglasses,Ray-Ban,Wayfarer,17776.0,100,https://cdn.trychannel3.com/54d6aa0f-3070-4017-b0f7-c94ca2e311b0?aid=01M11BVPSN0RP6RM7ETE4HK327&mid=1A4O
eML6iN2,Mega Wayfarer Sunglasses,Sunglasses,Ray-Ban,Wayfarer,17776.0,100,https://cdn.trychannel3.com/1baa0ae6-5c39-4786-bfbc-5680bb46d6d9?aid=01M11BVPSN0RP6RM7ETE4HK327&mid=yZrw
zz4RYkD,Mega Wayfarer Sunglasses,Sunglasses,Ray-Ban,Wayfarer,17776.0,100,https://cdn.trychannel3.com/1807b5ea-30aa-4eaf-b107-e3ae46a63a7c?aid=01M11BVN0YM0AY1022DYMQ4AVA&mid=YZfD
tGRq5UR,RB4470CH,Sunglasses,Ray-Ban,Other,17868.4,100,https://cdn.trychannel3.com/2ea6e42a-87d1-4164-97a7-a26c21c6fe54?aid=01M11BR4KFKJCEKWZW9T913FM4&mid=4oRd
ziUygmg,Rectangle-Frame Glasses,Eyeglasses,Prada,Rectangle,17946.72,100,https://cdn.trychannel3.com/ziUygmg?aid=01M11BSR8SWWC3VFNYM83JVD4T&mid=5MLj
MmMubP7,Devon Eyeglasses,Vision Care,Badgley Mischka,Rectangle,18013.6,100,https://cdn.trychannel3.com/4af20b3f-90d2-4987-967f-b9281877ef79?aid=01M11BS6BVM15Z7W0WQ66BKBYY&mid=YZfD
mXs5tFe,Barlow Eyeglasses,Eyeglasses,Badgley Mischka,Round,18013.6,100,https://cdn.trychannel3.com/35bc5a77-81cc-4f99-bf1e-7c760c2f8dd0?aid=01M11BS6BVM15Z7W0WQ66BKBYY&mid=YZfD
tMhqaqN,GG1859O Eyeglasses,Eyeglasses,Gucci,Other,18040.0,100,https://cdn.trychannel3.com/9db6a1a1-6a0e-46d5-80a1-a739a21b0dbf?aid=01M11BS84FEGSJSR7EAG9RH7F0&mid=gErQ
JrItS3Y,Wayfarer sunglasses,Sunglasses,Ray-Ban,Wayfarer,18040.0,100,https://cdn.trychannel3.com/94a7aadc-367d-4b59-94f1-5e29b8dc835e?aid=01M11BVN0YM0AY1022DYMQ4AVA&mid=sS4g
xMpGgmz,Sunglasses,Sunglasses,Marc Jacobs,Other,18128.0,100,https://cdn.trychannel3.com/e6fa466d-d58b-4554-8e45-e7d80d954d47?aid=01M11BR4KFKJCEKWZW9T913FM4&mid=M1XV
6PBmfQK,Emporio Armani EA1172 3401 Matte Bordeaux Glasses,Eyeglasses,Armani,Other,18128.0,100,https://cdn.trychannel3.com/4a479e23-b109-468a-b749-ba6491cfa01e?aid=01M11BRBCEMX00PSSC7EK2PE7W&mid=gErQ
GmlhGKL,Aviator Frame Sunglasses,Sunglasses,Victoria Beckham,Aviator,18215.12,100,https://cdn.trychannel3.com/277959f5-69ed-4dd7-9168-272b3c83e2ee?aid=01M11BSB0Y5XBPX12GTTXWK0AR&mid=ptG2
tPC1RWu,Wayfarer Way Sunglasses,Sunglasses,Ray-Ban,Aviator,18216.0,100,https://cdn.trychannel3.com/unUyM7I-tbO1?aid=01M11BVPSN0RP6RM7ETE4HK327&mid=WPap
vZidI9U,Sunglasses,Sunglasses,Karen Wazen,Other,18233.6,100,https://cdn.trychannel3.com/680b3807-0969-4bb8-9d81-8fce12e1341a?aid=01M11BR4KFKJCEKWZW9T913FM4&mid=hzQW
xWNrlp1,Square Sunglasses,Sunglasses,BOSS,Square,18304.0,100,https://cdn.trychannel3.com/01KD1D7YETQGZE7G9PB3TPVFJF?aid=01M11BV3TN1ARSW7EQ1YQYA71F&mid=asdf
PDNTRAd,DB 7154 807,Eyeglasses,Victoria Beckham,Other,18392.0,100,https://cdn.trychannel3.com/eec9643c-be0c-4e46-ba05-20800e5e32f7?aid=01M11BSNK6G8XSQQPC0TEWT84J&mid=gErQ
Zzak8dt,Melissa Women's Sunglasses,Sunglasses,Jimmy Fairly,Cat Eye,18392.0,100,https://cdn.trychannel3.com/35eb3170-3450-4b7a-b528-e55afab67b28?aid=01M11BSWX4C2F6BP3DZ3CNF2W2&mid=L1zw
p0QvkmM,Galaxy Blue Light Blocking Glasses,Eyeglasses,Charge,Other,18480.0,100,https://cdn.trychannel3.com/UdCIVvW?aid=01M11BRT3F8230HENY69FX2E82&mid=2yh8
1aWTVq4,Galaxy Blue Light Blocking Glasses Readers,Eyeglasses,Charge,Cat Eye,18480.0,100,https://cdn.trychannel3.com/oHQygf7?aid=01M11BRT3F8230HENY69FX2E82&mid=2yh8
G7dKxyS,Sunglasses,Sunglasses,Longchamp,Square,18480.0,100,https://cdn.trychannel3.com/0ad9a1cb-a5ec-4f0e-9b4a-cd4b250a123c?aid=01M11BR6P8YAZM07MPZ8QXECND&mid=eqGq
NjG4sht,Rb2221v Optics Eyeglasses,Eyeglasses,Ray-Ban,Other,18480.0,100,https://cdn.trychannel3.com/NjG4sht?aid=01M11BREY5PBZPK1DTKFRPF4VH&mid=tbO1
SoyOVs1,Irregular Optical Glasses,Vision Care,Armani,Other,18568.0,100,https://cdn.trychannel3.com/SoyOVs1?aid=01M11BRBCEMX00PSSC7EK2PE7W&mid=asdf
bSpRyev,Thor Polarized Brown Browline Men's Sunglasses,Sunglasses,Tom Ford,Other,18656.0,100,https://cdn.trychannel3.com/bSpRyev?aid=01M11BS1SX7E0ZE114BNEJZEYX&mid=IXIa
Zrqfkqx,Sara Eyeglasses,Eyeglasses,Karen Wazen,Other,18726.4,100,https://cdn.trychannel3.com/84dfd965-22bd-4891-8dce-7040ffa90bba?aid=01M11BR9MV1Z9N2MS03M5TXQN9&mid=hzQW
RM6mpD0,Oval Sunglasses,Sunglasses,Nordstrom,Oval,18744.0,100,https://cdn.trychannel3.com/0dea1629-bf25-4d32-a631-62e20f79d991?aid=01M11BVDG61533RD7HP9ZHZG57&mid=asdf
guFT0IG,Round Sunglasses,Sunglasses,Ray-Ban,Round,18920.0,100,https://cdn.trychannel3.com/e36597b4-ac36-4b7f-b14d-d6f410fec25d?aid=01M11BSG0KZ1SED51JDYX3ZYT6&mid=e6W9
doMkDod,Rectangle Frame Glasses,Eyeglasses,Gucci,Rectangle,18921.76,100,https://cdn.trychannel3.com/DaXx1QU?aid=01M11BSR8SWWC3VFNYM83JVD4T&mid=5MLj
bJ774gV,Versace Ve 4436u Sunglasses,Sunglasses,Versace,Other,19096.0,100,https://cdn.trychannel3.com/f4b3e639-4562-46e7-95fd-97a239ea2663?aid=01M11BS1SX7E0ZE114BNEJZEYX&mid=7yx8
Z0i4xqC,BOSS1984 Rectangle Sunglasses,Sunglasses,Hugo Boss,Rectangle,19184.0,100,https://cdn.trychannel3.com/9d1ae8d7-16d1-4853-9b7b-4bc3e9a4a55e?aid=01M11BV6T7W6NWG5K6JS2H0NRR&mid=jcD4
TiP7uBH,HC6129 Eyeglasses,Eyeglasses,Coach,Cat Eye,19272.0,100,https://cdn.trychannel3.com/5507ae7d-842b-41a4-8614-65b616fcb65c?aid=01M11BR9MV1Z9N2MS03M5TXQN9&mid=1A4O
hYDDafq,Round Optical Glasses,Eyeglasses,Alexander McQueen,Other,19357.36,100,https://cdn.trychannel3.com/e0a3805b-d556-4dc8-a480-b64e740f3826?aid=01M11BTCPBGXAG4MQ1TC78C3HK&mid=cvfe
Pji2A4Z,The Rectangle Sunglasses,Sunglasses,Marc Jacobs,Rectangle,19360.0,100,https://cdn.trychannel3.com/792c5862-cd6c-4de7-b8b4-239961c6d242?aid=01M11BV6T7W6NWG5K6JS2H0NRR&mid=M1XV
nIguAxg,Aviator Sunglasses,Sunglasses,Barbour,Aviator,19360.0,100,https://cdn.trychannel3.com/e91a7e9e-7689-4472-96df-aa7836dfb7d5?aid=01M11BSD61BRR0ZZNK6QTF02DN&mid=TDEk
y1zWSpe,Men’s aviator sunglasses,Sunglasses,Armani,Aviator,19448.0,100,https://cdn.trychannel3.com/a0f54f73-1926-4fe7-a092-45c0f66a584f?aid=01M11BSB0Y5XBPX12GTTXWK0AR&mid=D8bR
cd9PTVF,Cyclotron Outdoor Protan Sports-Type Stylized Frame Glasses,Sunglasses,EnChroma,Other,19712.0,100,https://cdn.trychannel3.com/47965631-6a63-47d2-ad32-206e6fcfad94?aid=01M11BRX3HPQR248BM1AHJ3TTA&mid=rUZ5
QMIIKLW,Compact Oval Lightweight Sports Glasses,Sunglasses,PUBLIC BEACON,Other,19800.0,100,https://cdn.trychannel3.com/01KCYK4QR4K08QJM7TA328E5MB?aid=01M11BRX3HPQR248BM1AHJ3TTA&mid=4SSG
Tab0eYb,Geometric Ladies Sunglasses,Sunglasses,GUESS MAINLINE,Other,19800.0,100,https://cdn.trychannel3.com/d9b0af42-e5cb-43ea-8fc4-148324147258?aid=01M11BSWX4C2F6BP3DZ3CNF2W2&mid=IXIa
EvBFdN9,Butterfly Frame Glasses,Eyeglasses,Tom Ford,Other,19800.0,100,https://cdn.trychannel3.com/4a450cbd-9985-4bf9-9b4c-5c9d9b1c72eb?aid=01M11BRBCEMX00PSSC7EK2PE7W&mid=5MLj
8BtGJFK,Oversized Sunglasses,Sunglasses,Bottega Veneta,Oversized,19800.0,100,https://cdn.trychannel3.com/b4c3e4ad-6cf2-4a25-b982-33e1fa0bd1ca?aid=01M11BVXWZDW17N8GEAJD132T1&mid=qqoU
oRLvGCr,VE4486 Prescription Sunglasses,Sunglasses,Versace,Square,19896.8,100,https://cdn.trychannel3.com/aedb0bc0-9f1c-40f2-adca-aba5de7d9dda?aid=01M11BR6P8YAZM07MPZ8QXECND&mid=YZfD
FN3Xrxd,Square Frame Glasses,Eyeglasses,Jimmy Choo,Square,20011.2,100,https://cdn.trychannel3.com/FN3Xrxd?aid=01M11BTFMDTHE5ART8Q4HAS3N7&mid=5MLj
1FVbSCD,DAYDREAM II Brown Gradient Butterfly Ladies Sunglasses,Sunglasses,Valentino,Cat Eye,20239.12,100,https://cdn.trychannel3.com/1FVbSCD?aid=01M11BSWX4C2F6BP3DZ3CNF2W2&mid=IXIa
0dmd0pj,Sunglasses,Sunglasses,Ray-Ban,Cat Eye,20240.0,100,https://cdn.trychannel3.com/0dmd0pj-Rteo?aid=01M11BR4KFKJCEKWZW9T913FM4&mid=sS4g
1TfkEQJ,TW527 Eyeglasses,Vision Care,Baker by Ted Baker,Other,20307.76,100,https://cdn.trychannel3.com/85f361a7-29d2-4f72-aff7-5991a56732ed?aid=01M11BREY5PBZPK1DTKFRPF4VH&mid=YZfD
u2yvKJl,New Wayfarer Sunglasses,Sunglasses,Ray-Ban,Wayfarer,20328.0,100,https://cdn.trychannel3.com/d035ff42-d578-4583-ac1f-fee3adbd0d75?aid=01M11BVN0YM0AY1022DYMQ4AVA&mid=YZfD
jaLEIRQ,Wayfarer Sunglasses,Sunglasses,Ray-Ban,Wayfarer,20328.0,100,https://cdn.trychannel3.com/a16a95d3-a9a2-4b3b-92c3-5600bd0b22ee?aid=01M11BVN0YM0AY1022DYMQ4AVA&mid=DO3T
bhGfpci,New Wayfarer Sunglasses,Sunglasses,Ray-Ban,Wayfarer,20328.0,100,https://cdn.trychannel3.com/12e6be97-7f1d-4492-93de-cd64e18a0e1e?aid=01M11BVN0YM0AY1022DYMQ4AVA&mid=YZfD
3VvOYRv,Rectangle-Frame Glasses,Eyeglasses,Versace,Rectangle,20354.4,100,https://cdn.trychannel3.com/86ntbo0?aid=01M11BSR8SWWC3VFNYM83JVD4T&mid=5MLj
nZu0eL3,7096 Eyeglasses,Vision Care,Victoria Beckham,Other,20416.0,100,https://cdn.trychannel3.com/6b49629b-dc2a-40b7-b938-eadd85c10aea?aid=01M11BS6BVM15Z7W0WQ66BKBYY&mid=7yx8
n4aHrYf,square-frame Glasses,Eyeglasses,Isabel Marant,Square,20504.0,100,https://cdn.trychannel3.com/d826d426-2e22-446a-a9f0-6cf2b5351792?aid=01M11BTFMDTHE5ART8Q4HAS3N7&mid=NuBr
v7sqJmg,Oversized Sunglasses,Sunglasses,Marques ' Almeida,Round,20504.0,100,https://cdn.trychannel3.com/4b34b399-5c08-4c17-b2b7-f8c3ffa225e4?aid=01M11BVXWZDW17N8GEAJD132T1&mid=ecfc
Bs86lL6,Sunglasses,Sunglasses,Marc Jacobs,Other,20592.0,100,https://cdn.trychannel3.com/Bs86lL6?aid=01M11BR4KFKJCEKWZW9T913FM4&mid=7yx8
GLMa0Bx,Oversize Geometric Sunglasses,Sunglasses,Chloé,Geometric,20679.12,100,https://cdn.trychannel3.com/b6ae7599-4397-475c-94cb-1c7c82415e46?aid=01M11BVV4QWMAZWM9957CHTH1J&mid=IXIa
ZQADYw5,Oversized Sunglasses,Sunglasses,Carolina Herrera,Oversized,20680.0,100,https://cdn.trychannel3.com/db96e62e-4d92-41b2-b89d-fb4c2060cb8d?aid=01M11BVZFQ8CDJ55YMJQPG8PQN&mid=GIcE
ZOyA0un,Chen Eyeglasses,Eyeglasses,Vera Wang,Rectangle,20768.0,100,https://cdn.trychannel3.com/ZOyA0un?aid=01M11BR9MV1Z9N2MS03M5TXQN9&mid=YZfD
3uonpVr,Eyeglasses,Eyeglasses,Tiffany & Co.,Other,21120.0,100,https://cdn.trychannel3.com/2bbc6a37-4f02-40c9-b355-24608580daaa?aid=01M11BRBCEMX00PSSC7EK2PE7W&mid=ZG9E
uLQ9SJp,Alize Eyeglasses,Eyeglasses,Badgley Mischka,Oval,21252.0,100,https://cdn.trychannel3.com/e3ea3b45-4eb0-483b-afc2-8b46f19f629a?aid=01M11BT1GR487Q5WC7FGTWJMSD&mid=YZfD
Y0T5zkI,FT1190 Sunglasses,Sunglasses,Tom Ford,Cat Eye,21560.0,100,https://cdn.trychannel3.com/84442e20-8d8b-4fdf-a076-4bdf99d63d87?aid=01M11BT8274GQM3Z2Q4KAQKY59&mid=YZfD
2WJEwE5,Vert,Sunglasses,Smith Optics,Other,21736.0,100,https://cdn.trychannel3.com/5aa45f3d-6f69-4490-a8d5-f40179821ece?aid=01M11BRYZDM7972JP72S04KP5N&mid=lj78
k6TxsMR,Oversized Frame Sunglasses,Sunglasses,ALAÏA PARIS,Oversized,21743.92,100,https://cdn.trychannel3.com/2a053d56-78cd-4c52-af90-a25eb8ef75cb?aid=01M11BVXWZDW17N8GEAJD132T1&mid=5MLj
EPy5JIS,Rectangle Sunglasses,Sunglasses,Armani,Rectangle,21824.0,100,https://cdn.trychannel3.com/20f839fe-334a-4073-832c-1fab5445b90d?aid=01M11BV8M566P5VH2FK9329FKG&mid=asdf
o0XA9Cw,Original Wayfarer Sunglasses,Sunglasses,Ray-Ban,Wayfarer,21824.0,100,https://cdn.trychannel3.com/c6b1144a-511b-45c9-8022-3b63d0f15d01?aid=01M11BVN0YM0AY1022DYMQ4AVA&mid=QetO
TENNPVz,Men’s aviator sunglasses,Sunglasses,Armani,Aviator,21912.0,100,https://cdn.trychannel3.com/23804db7-59af-473f-8198-c7028ed55f4b?aid=01M11BSB0Y5XBPX12GTTXWK0AR&mid=D8bR
HkLM2aH,Square Sunglasses,Sunglasses,Chloé,Aviator,21997.36,100,https://cdn.trychannel3.com/3ada3e54-4008-4303-a25a-76b3a21d42d7?aid=01M11BV20P1TCNEDBEBP1371S8&mid=cvfe
2N30eTc,Glimpse Rectangle Sunglasses,Sunglasses,Max Mara,Rectangle,22000.0,100,https://cdn.trychannel3.com/4b561518-3f74-4c46-8d7a-c75cd01da69f?aid=01M11BV6T7W6NWG5K6JS2H0NRR&mid=1fdC
tQoOSZ8,Cocktail Sunglasses,Sunglasses,Electric,Other,22000.0,100,https://cdn.trychannel3.com/cbe07de2-dd03-46cf-b79c-473aec1ed671?aid=01M11BR6P8YAZM07MPZ8QXECND&mid=YGd0
cwBOkai,Eleanor Oversized Square Sunglasses,Sunglasses,Tory Burch,Square,22000.0,100,https://cdn.trychannel3.com/10b1d0aa-756d-43c4-acfe-f5fdbef5265e?aid=01M11BTKZCV6DDXSBTPB833W5S&mid=fda4
5aQ8WXb,David Beckham DB 1140 RFD,Vision Care,Victoria Beckham,Other,22088.0,100,https://cdn.trychannel3.com/a2ae590b-5c98-4953-b2f8-efc6612eeb67?aid=01M11BS84FEGSJSR7EAG9RH7F0&mid=gErQ
Ceq4teL,MARC 674/S,Sunglasses,Marc Jacobs,Other,22088.0,100,https://cdn.trychannel3.com/1ff5dd83-aa84-4f59-a37d-e5ba8a70bd23?aid=01M11BS3FXXC8EQ4KP1915G608&mid=7yx8
0IpXEi0,Butterfly Frame Glasses,Eyeglasses,Versace,Other,22258.72,100,https://cdn.trychannel3.com/0IpXEi0?aid=01M11BRBCEMX00PSSC7EK2PE7W&mid=5MLj
uf6Q4n9,GG1887S Sunglasses,Sunglasses,Gucci,Rectangle,22264.0,100,https://cdn.trychannel3.com/a9665d4e-b8ec-488f-bfa4-fda3662c3595?aid=01M11BS3FXXC8EQ4KP1915G608&mid=gErQ
wkDHHWS,Round Sunglasses,Sunglasses,Mont Blanc,Round,22264.0,100,https://cdn.trychannel3.com/3d90cfbf-09e0-4f34-ac05-72c0cd07d816?aid=01M11BSG0KZ1SED51JDYX3ZYT6&mid=7yx8
LO8RG6V,Oversized Square-Frame Sunglasses,Sunglasses,Chloé,Square,22358.16,100,https://cdn.trychannel3.com/ee73f80a-f6d2-4063-be80-4f0229a868fe?aid=01M11BTKZCV6DDXSBTPB833W5S&mid=5MLj
BS99TQ4,Ray-ban Mega Wayfarer Sunglasses,Sunglasses,Ray-Ban,Wayfarer,22440.0,100,https://cdn.trychannel3.com/4f0675d9-8346-43d6-a4f5-98cd2f5568a4?aid=01M11BVPSN0RP6RM7ETE4HK327&mid=tbO1
r1Hz7jX,Coach HC6276U,Eyeglasses,Coach,Other,22440.0,100,https://cdn.trychannel3.com/039c0d7b-c39e-4561-9f17-bbd3cd2d6774?aid=01M11BRBCEMX00PSSC7EK2PE7W&mid=FDzv
1GpaQJy,Sunglasses,Sunglasses,Marc Jacobs,Other,22616.0,100,https://cdn.trychannel3.com/ac015dcb-be9c-4284-8972-92612014cdbd?aid=01M11BR4KFKJCEKWZW9T913FM4&mid=7yx8
CixWN75,square-frame glasses,Eyeglasses,Tom Ford,Square,22616.0,100,https://cdn.trychannel3.com/82161cbc-be79-4658-b706-678e4a956f36?aid=01M11BSM1G66BHXZPN2FP1F2NG&mid=NuBr
9yez1ct,TO 0193 Sunglasses,Sunglasses,Tod's,Geometric,22704.0,100,https://cdn.trychannel3.com/0fa24961-0e18-4fa1-bfdc-de76661e0ef7?aid=01M11BSYQCHVKQYA2XNYMD9MW3&mid=7yx8
idbPUed,Victoria Beckham Eyeglasses VB2650 203,Eyeglasses,Victoria Beckham,Other,22792.0,100,https://cdn.trychannel3.com/f8f29730-f9e1-4bd1-8dbb-0f3d9cc5fcf2?aid=01M11BRGTFV3G6KW5PRZ0M6WVX&mid=ZG9E
usdjA3b,Oversized Ladies Sunglasses,Sunglasses,Gucci,Oversized,22792.0,100,https://cdn.trychannel3.com/usdjA3b?aid=01M11BTNCGRD82TPBV5JXEJV7E&mid=IXIa
KLb3uO5,round-frame glasses,Eyeglasses,Linda Farrow,Round,22880.0,100,https://cdn.trychannel3.com/a98ff505-d845-4198-880c-b1571253c858?aid=01M11BTAWRHDCSZDATXF080N6Q&mid=NuBr
0EyWPzm,Pamela Sunglasses,Sunglasses,illesteva,Cat Eye,22880.0,100,https://cdn.trychannel3.com/395efce8-fbbb-4a49-9c6f-81b897f51149?aid=01M11BT8274GQM3Z2Q4KAQKY59&mid=2Wwp
2C1CDjI,Sunglasses,Sunglasses,Balenciaga,Rectangle,22968.0,100,https://cdn.trychannel3.com/4df046ce-6c01-40bc-bcbe-e0f73dc3bd67?aid=01M11BR6P8YAZM07MPZ8QXECND&mid=ZG9E
JAxAdR6,Rectangle Optical Glasses,Eyeglasses,Ray-Ban,Other,23144.0,100,https://cdn.trychannel3.com/JAxAdR6?aid=01M11BREY5PBZPK1DTKFRPF4VH&mid=asdf
JAcpf2q,Burberry Aviator Brown Sunglasses BE4452U 300273,Sunglasses,Burberry,Aviator,23144.0,100,https://cdn.trychannel3.com/c2ec448c-a79f-45d8-b0df-89b4e172af3d?aid=01M11BSD61BRR0ZZNK6QTF02DN&mid=ZG9E
2QdrkCF,1495 Rectangle Glasses,Eyeglasses,BOSS,Rectangle,23232.0,100,https://cdn.trychannel3.com/31c761b6-d0fb-418d-b237-b75b207858c1?aid=01M11BRGTFV3G6KW5PRZ0M6WVX&mid=Wp3b
aJQurlL,Aviator Sunglasses,Sunglasses,Tom Ford,Aviator,23584.0,100,https://cdn.trychannel3.com/4617858e-a4f2-4346-8ee7-8f985b27c7d8?aid=01M11BSD61BRR0ZZNK6QTF02DN&mid=ZG9E
QOC0PO3,Oliver Peoples OV7950 ADALIE 0OV7950,Eyeglasses,Oliver Peoples,Other,23613.04,100,https://cdn.trychannel3.com/d701ba7f-8d4d-471e-afe1-7aa1cc0fe9e1?aid=01M11BT39NDDG1K2VYKQ94AK5Q&mid=4oRd
uvDT31D,Legion V Prescription Glasses,Eyeglasses,Balmain,Square,23672.0,100,https://cdn.trychannel3.com/3fdde618-e09f-4d63-9ffb-3b03348f1f68?aid=01M11BREY5PBZPK1DTKFRPF4VH&mid=pjoz
wk15kAq,Vesper Eyeglasses,Eyeglasses,Vint & York,Other,23672.0,100,https://cdn.trychannel3.com/345ab265-d281-49f0-8999-2fa37924a72e?aid=01M11BR9MV1Z9N2MS03M5TXQN9&mid=uOO4
zTudXET,Oversized Acetate Sunglasses,Sunglasses,Viktor & Rolf,Oversized,23672.0,100,https://cdn.trychannel3.com/864f74bf-3196-4045-a75d-4bbe6f91030a?aid=01M11BVZFQ8CDJ55YMJQPG8PQN&mid=dVJx
22jfUl0,Round Sunglasses,Sunglasses,Bvlgari,Round,23672.0,100,https://cdn.trychannel3.com/1e14d4d0-11ac-4667-828b-f6d89e4c2311?aid=01M11BSG0KZ1SED51JDYX3ZYT6&mid=IXIa
zEv00ep,Aviator Sunglasses,Sunglasses,Viktor & Rolf,Aviator,23672.0,100,https://cdn.trychannel3.com/bc255c88-44e5-48b6-8ab2-3174152eb460?aid=01M11BTR6RNDHH7SH1QV2DWF7Y&mid=dVJx
qEHtbYQ,SQUARE SUNGLASSES,Sunglasses,Viktor & Rolf,Aviator,23672.0,100,https://cdn.trychannel3.com/7aa335c9-b338-4b51-905c-a4c2174d7bf3?aid=01M11BV3TN1ARSW7EQ1YQYA71F&mid=dVJx
eBJrDJn,The Driver Espresso,Sunglasses,Adriana Castro,Other,23760.0,100,https://cdn.trychannel3.com/b6ef34b3-1aef-436d-bd0b-2c9edabdc7d5?aid=01M11BS3FXXC8EQ4KP1915G608&mid=vS15
mB54gI1,GG0551O Eyeglasses,Eyeglasses,Gucci,Other,24024.0,100,https://cdn.trychannel3.com/472fab27-da0b-44cb-8093-ced659e79d6e?aid=01M11BS84FEGSJSR7EAG9RH7F0&mid=7yx8
mxtnGgc,Sunglasses,Sunglasses,Nordstrom,Other,24200.0,100,https://cdn.trychannel3.com/48050db4-b385-4a44-b512-bae40e270e69?aid=01M11BR4KFKJCEKWZW9T913FM4&mid=asdf
2XjFWLM,SC40074I Sunglasses,Sunglasses,Stella McCartney,Geometric,24200.0,100,https://cdn.trychannel3.com/f43bac60-7570-4932-8af1-c160e4b3399f?aid=01M11BR4KFKJCEKWZW9T913FM4&mid=7yx8
4lLEHbj,Butterfly-Frame Glasses,Eyeglasses,Tom Ford,Other,24907.52,100,https://cdn.trychannel3.com/cbb6ac62-63e3-45d0-bfef-e2c8744589ca?aid=01M11BREY5PBZPK1DTKFRPF4VH&mid=5MLj
9tMaHAj,Men’s round sunglasses,Sunglasses,Armani,Round,24992.0,100,https://cdn.trychannel3.com/79df7003-07b5-4ce7-8e68-44b6eae9f723?aid=01M11BSG0KZ1SED51JDYX3ZYT6&mid=D8bR
BbURenr,Geometric Sunglasses,Sunglasses,Isabel Marant,Geometric,25080.0,100,https://cdn.trychannel3.com/BbURenr?aid=01M11BVSGMQS64XQC9V0C65NV6&mid=7yx8
vFRlt4Q,Phantos Optical Glasses,Eyeglasses,Versace,Other,25168.0,100,https://cdn.trychannel3.com/7bb10a96-909f-42b7-a6a3-7e0a927b5b5d?aid=01M11BRGTFV3G6KW5PRZ0M6WVX&mid=asdf
4GJuWZR,DAYDREAM II Sunglasses,Sunglasses,Valentino,Other,25255.12,100,https://cdn.trychannel3.com/4GJuWZR?aid=01M11BSWX4C2F6BP3DZ3CNF2W2&mid=IXIa
7rEPWHa,TOM FORD Eyewear Tortoiseshell Oversized Sunglasses,Sunglasses,Tom Ford,Aviator,25344.0,100,https://cdn.trychannel3.com/630229fb-254f-424b-8b03-c72855e780ca?aid=01M11BVZFQ8CDJ55YMJQPG8PQN&mid=NuBr
dTQKD5D,Rectangular Men's Eyeglasses,Eyeglasses,Unknown,Other,25344.0,100,https://cdn.trychannel3.com/dTQKD5D?aid=01M11BS6BVM15Z7W0WQ66BKBYY&mid=IXIa
FMn5aWu,Eyeglasses,Eyeglasses,Tiffany & Co.,Other,25432.0,100,https://cdn.trychannel3.com/021f3185-bad9-4759-af6f-754e09a4c6c5?aid=01M11BT39NDDG1K2VYKQ94AK5Q&mid=ZG9E
EB5t1tu,Lettering Black Geometric Sunglasses,Sunglasses,Fendi,Cat Eye,25520.0,100,https://cdn.trychannel3.com/121a22d2-29f5-4143-9af7-5fd7d0ce19b5?aid=01M11BVSGMQS64XQC9V0C65NV6&mid=7yx8
7Ut9LLG,Saint Laurent SL 261 008 Dark Brown Glasses,Eyeglasses,Yves Saint Laurent,Cat Eye,25520.0,100,https://cdn.trychannel3.com/be0d8a30-324d-4d5c-8d4b-cda92ad553c4?aid=01M11BT39NDDG1K2VYKQ94AK5Q&mid=gErQ
SdXHGPs,Round Frame Sunglasses,Sunglasses,Yves Saint Laurent,Round,25637.04,100,https://cdn.trychannel3.com/SdXHGPs?aid=01M11BSG0KZ1SED51JDYX3ZYT6&mid=5MLj
iavfImh,Geometric-Frame Sunglasses,Sunglasses,Fendi,Geometric,25747.04,100,https://cdn.trychannel3.com/iavfImh?aid=01M11BVV4QWMAZWM9957CHTH1J&mid=5MLj
uTEFfNF,Montblanc Eyeglasses,Eyeglasses,Mont Blanc,Other,25784.0,100,https://cdn.trychannel3.com/4ea7cab6-169b-46e2-96cb-41be7035a263?aid=01M11BR9MV1Z9N2MS03M5TXQN9&mid=ZG9E
xRzK9YC,Junya Racer,Sunglasses,District Vision,Other,25960.0,100,https://cdn.trychannel3.com/c4dd7f27-fcc0-479a-9d5e-0ce73e03ca9b?aid=01M11BRX3HPQR248BM1AHJ3TTA&mid=Bm5z
X3U65HM,geometric-frame sunglasses,Sunglasses,Henrik Vibskov,Geometric,25960.0,100,https://cdn.trychannel3.com/8cd88f9c-cb58-4cb8-b741-4b922e7348d5?aid=01M11BVV4QWMAZWM9957CHTH1J&mid=NuBr
1ru9EFb,Cat Eye Sunglasses,Sunglasses,Nordstrom,Cat Eye,25960.0,100,https://cdn.trychannel3.com/43d0a06c-6902-4920-adfd-10008c65451d?aid=01M11BVJ1PFMQMD5V55VXX9ADS&mid=asdf
IylhnEy,Square Optical Glasses,Eyeglasses,Persol,Square,25960.0,100,https://cdn.trychannel3.com/IylhnEy?aid=01M11BSNK6G8XSQQPC0TEWT84J&mid=asdf
Ccjt4WJ,The Artist Espresso,Sunglasses,Adriana Castro,Other,25960.0,100,https://cdn.trychannel3.com/ec0762ff-9436-4ff4-baa2-ba7caac1ec5b?aid=01M11BR6P8YAZM07MPZ8QXECND&mid=vS15
2DRqLzk,Miller Geometric Sunglasses,Sunglasses,Max Mara,Cat Eye,26400.0,100,https://cdn.trychannel3.com/5bd7156e-c8b4-451a-a55a-6f5e23a6bc94?aid=01M11BVSGMQS64XQC9V0C65NV6&mid=1fdC
IO3hb0v,Rectangle Frame Glasses,Eyeglasses,Yves Saint Laurent,Rectangle,26417.6,100,https://cdn.trychannel3.com/38cc3ac7-5dfc-469c-9a4f-50bef1f69e40?aid=01M11BSR8SWWC3VFNYM83JVD4T&mid=5MLj
9GNUNRG,JONI CH0023O,Eyeglasses,Chloé,Geometric,26488.0,100,https://cdn.trychannel3.com/e1a138d8-d56a-4474-96e3-fbde83533d95?aid=01M11BT39NDDG1K2VYKQ94AK5Q&mid=7yx8
wSMYpml,Victoria Beckham Eyeglasses VB2677 227,Eyeglasses,Victoria Beckham,Other,26576.0,100,https://cdn.trychannel3.com/78bb582f-72d7-45a2-9892-1b6dd5d9ddee?aid=01M11BRGTFV3G6KW5PRZ0M6WVX&mid=ZG9E
aOopaFG,CH0341O Eyeglasses,Eyeglasses,Chloé,Geometric,26752.0,100,https://cdn.trychannel3.com/7fe3c4fa-b482-4ad2-9c6d-aa14770001b3?aid=01M11BRBCEMX00PSSC7EK2PE7W&mid=gErQ
5ZcCjqC,Butterfly Frame Glasses,Eyeglasses,Balenciaga,Aviator,26803.04,100,https://cdn.trychannel3.com/vnkVra7?aid=01M11BRGTFV3G6KW5PRZ0M6WVX&mid=5MLj
iXJTGQH,Round Frame Glasses,Vision Care,Tom Ford,Round,26804.8,100,https://cdn.trychannel3.com/ZkmcFfb?aid=01M11BTAWRHDCSZDATXF080N6Q&mid=5MLj
XvwjwzH,Rindy Round Glasses,Eyeglasses,ZEELOOL,Round,27016.0,100,https://cdn.trychannel3.com/afd8dd7b-aa59-4057-9570-937b430def61?aid=01M11BTCPBGXAG4MQ1TC78C3HK&mid=aeSD
BzIsNqc,SL 834 Eyeglasses,Eyeglasses,Yves Saint Laurent,Cat Eye,27016.0,100,https://cdn.trychannel3.com/e8091adc-b522-4ae8-9022-1aee05c8a310?aid=01M11BT1GR487Q5WC7FGTWJMSD&mid=7yx8
82orO6A,Square Sunglasses,Sunglasses,BOSS,Square,27104.0,100,https://cdn.trychannel3.com/76ca0e3a-f12f-447a-9b51-3c02a6f37949?aid=01M11BV20P1TCNEDBEBP1371S8&mid=asdf
WSuDWFz,ME8001 Aviator Sunglasses,Sunglasses,Moncler,Aviator,27104.0,100,https://cdn.trychannel3.com/01KDQDAK4DZ9Z0FME80PPXJ2K6?aid=01M11BSB0Y5XBPX12GTTXWK0AR&mid=f2i1
WS8eLCE,Aviator Sunglasses,Sunglasses,Gucci,Aviator,27277.36,100,https://cdn.trychannel3.com/dfd080b5-6f46-4bd8-a7c7-482b24f879c8?aid=01M11BSD61BRR0ZZNK6QTF02DN&mid=cvfe
jZFcIOO,VE2198 Sunglasses,Sunglasses,Versace,Round,27280.0,100,https://cdn.trychannel3.com/8385c188-f43b-49b3-9470-0bf7c1bb09f2?aid=01M11BSYQCHVKQYA2XNYMD9MW3&mid=sS4g
BBEKCHT,Square Optical Glasses,Eyeglasses,Nordstrom,Square,27368.0,100,https://cdn.trychannel3.com/b6a2c930-b254-41c9-a83c-46064b27a586?aid=01M11BTH9AJFHQXNJYCAZJEHK2&mid=asdf
tn8JApL,DB 1098/S,Sunglasses,David Beckham,Round,27456.0,100,https://cdn.trychannel3.com/b42ac97b-99c7-428d-995b-4f6d88461364?aid=01M11BSG0KZ1SED51JDYX3ZYT6&mid=7yx8
3nTAYE6,2270 B Eyeglasses,Eyeglasses,Tiffany & Co.,Other,27710.32,100,https://cdn.trychannel3.com/3nTAYE6?aid=01M11BREY5PBZPK1DTKFRPF4VH&mid=5MLj
a7xfHm4,Round Sunglasses,Sunglasses,Nordstrom,Round,27720.0,100,https://cdn.trychannel3.com/ea3b9d38-f270-43bc-b6ef-eb6f66bdf5b1?aid=01M11BTXJZMJ73J0P0AAPEMPY7&mid=asdf
XXWXj9J,Round Frame Glasses,Vision Care,Gucci,Round,27752.56,100,https://cdn.trychannel3.com/XXWXj9J?aid=01M11BTAWRHDCSZDATXF080N6Q&mid=5MLj
r8at6Hs,Chiara Butterfly Ladies Sunglasses,Sunglasses,Tom Ford,Other,28600.0,100,https://cdn.trychannel3.com/00c0d308-bc4e-43b9-9641-b56e8eace614?aid=01M11BSWX4C2F6BP3DZ3CNF2W2&mid=IXIa
EmS61jG,Gabin,Sunglasses,Café du Cycliste,Other,28600.0,100,https://cdn.trychannel3.com/7b8c8f82-6109-4eda-aa0c-9c09836964d4?aid=01M11BRYZDM7972JP72S04KP5N&mid=uKVt
7G3LL3l,Square Sunglasses,Sunglasses,Versace,Square,28600.0,100,https://cdn.trychannel3.com/4cb317e7-7226-40be-bf43-9dc1d9ffa8e9?aid=01M11BV3TN1ARSW7EQ1YQYA71F&mid=7DeM
xKNQL5p,round sunglasses,Sunglasses,Armani,Round,28688.0,100,https://cdn.trychannel3.com/ba887084-465c-48c2-9863-d3f9aec33f6b?aid=01M11BTZA1GK1ZGZSDSXHYR3B5&mid=D8bR
tDAP48O,CH0335O women eyeglasses,Eyeglasses,Chloé,Rectangle,29040.0,100,https://cdn.trychannel3.com/4c157752-28c9-4f7e-9b59-a42f201ba789?aid=01M11BT39NDDG1K2VYKQ94AK5Q&mid=gErQ
E1yHYjj,BB0392O Eyeglasses,Eyeglasses,Balenciaga,Rectangle,29568.0,100,https://cdn.trychannel3.com/82a582b3-85d7-4e46-9b01-aa31d9b17888?aid=01M11BS84FEGSJSR7EAG9RH7F0&mid=7yx8
B3bAurX,BB0392O Eyeglasses,Eyeglasses,Balenciaga,Rectangle,29568.0,100,https://cdn.trychannel3.com/f972978a-dbb3-406b-b39c-e8ed5e8d44d8?aid=01M11BS84FEGSJSR7EAG9RH7F0&mid=7yx8
gUkHqjc,Oval Sunglasses,Sunglasses,St. Agni,Oval,29832.0,100,https://cdn.trychannel3.com/f4b51a2a-9e49-4c5f-941f-05ac6cd2aac5?aid=01M11BVDG61533RD7HP9ZHZG57&mid=7DeM
L1Fuctq,Square Frame Glasses,Eyeglasses,Armani,Aviator,29849.6,100,https://cdn.trychannel3.com/L1Fuctq?aid=01M11BSM1G66BHXZPN2FP1F2NG&mid=5MLj
8aamrH6,Aviator Sunglasses,Sunglasses,Yves Saint Laurent,Aviator,29917.36,100,https://cdn.trychannel3.com/8aamrH6?aid=01M11BTR6RNDHH7SH1QV2DWF7Y&mid=cvfe
q6tyEvr,Women’s Cat-eye Sunglasses,Sunglasses,Armani,Cat Eye,29920.0,100,https://cdn.trychannel3.com/2afe4d4f-182c-4f2a-bccc-505dc678fc63?aid=01M11BT68EET3WVTHRWMC11Y77&mid=D8bR
1rs5CKQ,GG1947O Eyeglasses,Eyeglasses,Gucci,Other,29920.0,100,https://cdn.trychannel3.com/ab0b41c2-aec7-489a-8d44-f4a7c5485505?aid=01M11BS84FEGSJSR7EAG9RH7F0&mid=7yx8
r3AQexi,Noomi round-frame glasses,Eyeglasses,Mykita,Round,30096.0,100,https://cdn.trychannel3.com/r3AQexi?aid=01M11BTAWRHDCSZDATXF080N6Q&mid=NuBr
k9JCuO3,Oversized square sunglasses,Sunglasses,Dries Van Noten,Square,30360.0,100,https://cdn.trychannel3.com/b1ebeb26-ea1f-4518-8a35-d2d32800619d?aid=01M11BVZFQ8CDJ55YMJQPG8PQN&mid=DzME
SiugOk6,AR8244 Sunglasses,Sunglasses,Armani,Other,30430.4,100,https://cdn.trychannel3.com/8f8ae753-b5ab-480a-ae82-db6f67fc8d34?aid=01M11BS1SX7E0ZE114BNEJZEYX&mid=YZfD
oCuk6lo,Square Ladies Eyeglasses,Eyeglasses,Versace,Other,30448.0,100,https://cdn.trychannel3.com/oCuk6lo?aid=01M11BT1GR487Q5WC7FGTWJMSD&mid=1A4O
veW7aBP,Aviator Sunglasses,Sunglasses,Prada,Aviator,30605.52,100,https://cdn.trychannel3.com/veW7aBP?aid=01M11BSB0Y5XBPX12GTTXWK0AR&mid=5MLj
tvIJpn7,Acetate Round Sunglasses,Sunglasses,Unknown,Round,30624.0,100,https://cdn.trychannel3.com/3ba3aae3-f924-4eed-a87b-917804b8961b?aid=01M11BSG0KZ1SED51JDYX3ZYT6&mid=ZG9E
4OIYVSc,Rectangle Optical Glasses,Eyeglasses,Prada,Rectangle,30800.0,100,https://cdn.trychannel3.com/4OIYVSc?aid=01M11BSR8SWWC3VFNYM83JVD4T&mid=asdf
xIvGXtX,Rectangle Optical Glasses,Eyeglasses,Versace,Rectangle,30800.0,100,https://cdn.trychannel3.com/xIvGXtX?aid=01M11BSR8SWWC3VFNYM83JVD4T&mid=asdf
5CLBdyl,Oval Sunglasses,Sunglasses,Givenchy,Oval,31240.0,100,https://cdn.trychannel3.com/5CLBdyl?aid=01M11BVBR2VJCQSEBC87MM22NK&mid=asdf
fvLXUST,Square Frame Glasses,Eyeglasses,Prada,Square,31240.0,100,https://cdn.trychannel3.com/fvLXUST?aid=01M11BSM1G66BHXZPN2FP1F2NG&mid=NuBr
cEPJ2FX,GG1843S Cat Eye Sunglasses,Sunglasses,Gucci,Cat Eye,31592.0,100,https://cdn.trychannel3.com/a3a57bc2-b68e-46e7-bc8b-d0409ed7130f?aid=01M11BT68EET3WVTHRWMC11Y77&mid=7yx8
Uax9IeW,Square Frame Glasses,Eyeglasses,Prada,Square,31645.68,100,https://cdn.trychannel3.com/Uax9IeW?aid=01M11BSM1G66BHXZPN2FP1F2NG&mid=5MLj
9lYi3QV,Square Cat-Eye Sunglasses,Sunglasses,Stella McCartney,Cat Eye,31680.0,100,https://cdn.trychannel3.com/032f86c1-3c62-4282-803b-3754117149d5?aid=01M11BT68EET3WVTHRWMC11Y77&mid=rjlZ
dtPBDeN,Round Eyeglasses,Eyeglasses,Chloé,Other,31856.0,100,https://cdn.trychannel3.com/a79e032a-d252-49c1-af4c-d882e2a9dc5e?aid=01M11BR9MV1Z9N2MS03M5TXQN9&mid=7yx8
StdrjtL,Tiffany & Co. Sunglasses TF4213 80153G,Sunglasses,Tiffany & Co.,Other,31970.4,100,https://cdn.trychannel3.com/0880045e-4e15-4018-9516-05a38d62545e?aid=01M11BSYQCHVKQYA2XNYMD9MW3&mid=g49e
0tK6mMw,Oval Sunglasses,Sunglasses,Dries Van Noten,Oval,32120.0,100,https://cdn.trychannel3.com/0b782cef-eabf-45f0-a3f6-6444fcc9a3b4?aid=01M11BVBR2VJCQSEBC87MM22NK&mid=7DeM
O4WbUgh,BE4439 Sunglasses,Sunglasses,Burberry,Round,32155.2,100,https://cdn.trychannel3.com/9ff3e7c8-1e87-4816-ad72-3cd8236f465d?aid=01M11BSHD1Q26AFWZR9P4FHVNP&mid=YZfD
Wv0iaw8,Sunglasses Sl M137 Amelia,Sunglasses,Yves Saint Laurent,Aviator,32208.0,100,https://cdn.trychannel3.com/61a0c45d-ecdc-441b-b93f-8cf51e53098e?aid=01M11BSYQCHVKQYA2XNYMD9MW3&mid=NLmP
i8amvp8,Ar 6163j Gold Round Sunglasses,Sunglasses,Armani,Round,32208.0,100,https://cdn.trychannel3.com/1c955779-e8b1-45dc-bdeb-9d3a0ebf92c9?aid=01M11BSG0KZ1SED51JDYX3ZYT6&mid=7yx8
AWGDyAQ,GG0876S Sunglasses,Sunglasses,Gucci,Square,32340.0,100,https://cdn.trychannel3.com/75fa4c06-7d71-4089-95db-de98d36a491f?aid=01M11BSWX4C2F6BP3DZ3CNF2W2&mid=YZfD
hEi4y9U,Sunglasses,Sunglasses,THIERRY LASRY,Other,32648.0,100,https://cdn.trychannel3.com/8e4e499c-b7af-4e73-b08f-f496d032af2c?aid=01M11BR6P8YAZM07MPZ8QXECND&mid=lIof
bI2p985,square-frame glasses,Eyeglasses,Tom Ford,Square,32912.0,100,https://cdn.trychannel3.com/bI2p985?aid=01M11BSM1G66BHXZPN2FP1F2NG&mid=NuBr
0ieoIOW,Square Optical Glasses,Eyeglasses,Persol,Other,33000.0,100,https://cdn.trychannel3.com/mEpYlyf?aid=01M11BSM1G66BHXZPN2FP1F2NG&mid=asdf
ZvqMMHo,Wabi Sabi Prescription Glasses,Eyeglasses,Caddis,Square,33000.0,100,https://cdn.trychannel3.com/ZvqMMHo?aid=01M11BREY5PBZPK1DTKFRPF4VH&mid=4ZRx
ksGbDqE,Round Frame Sunglasses,Sunglasses,Yves Saint Laurent,Round,33081.84,100,https://cdn.trychannel3.com/ksGbDqE?aid=01M11BSG0KZ1SED51JDYX3ZYT6&mid=5MLj
RHuq1js,Tom Ford Dante Sunglasses FT0834 52J Dark Havana,Sunglasses,Tom Ford,Other,33264.0,100,https://cdn.trychannel3.com/8a2bb079-362e-44e1-868c-85c92e28e2f7?aid=01M11BSHD1Q26AFWZR9P4FHVNP&mid=gErQ
4EiA6Ms,Fendi Ff Squared Fe50131i Men Black Geometric Eyeglasses,Eyeglasses,Fendi,Geometric,33440.0,100,https://cdn.trychannel3.com/7f55efc4-ff99-48dc-bbaa-a175afc0eab5?aid=01M11BS6BVM15Z7W0WQ66BKBYY&mid=7yx8
hKyGFdc,Oversized Ladies Sunglasses,Sunglasses,LOEWE,Aviator,33880.0,100,https://cdn.trychannel3.com/cdf828c3-bdac-4e0e-a3f4-73ef9e391aaf?aid=01M11BTKZCV6DDXSBTPB833W5S&mid=IXIa
8leeXHf,DG 4477,Sunglasses,Dolce & Gabbana,Other,34232.0,100,https://cdn.trychannel3.com/2c543f7a-eb60-4c34-b8da-6290dcad60fc?aid=01M11BS3FXXC8EQ4KP1915G608&mid=7yx8
mSwgfqR,Geometric Sunglasses,Sunglasses,JW Anderson,Geometric,34320.0,100,https://cdn.trychannel3.com/aed9f8cd-c04e-4dd1-bd5a-086858db9a67?aid=01M11BVSGMQS64XQC9V0C65NV6&mid=saTY
yQoTtgE,Classic Round Sunglasses - Men,Sunglasses,Burberry,Round,34320.0,100,https://cdn.trychannel3.com/3c4ecf4c-ce8e-4387-a08e-7dad3960640e?aid=01M11BSG0KZ1SED51JDYX3ZYT6&mid=M9sK
cBGK3MN,Rectangle Optical Glasses,Eyeglasses,Burberry,Other,34320.0,100,https://cdn.trychannel3.com/cBGK3MN?aid=01M11BRGTFV3G6KW5PRZ0M6WVX&mid=asdf
SXsUnhM,Geometric Sunglasses Black,Sunglasses,Prada,Cat Eye,34320.0,100,https://cdn.trychannel3.com/2aecc8c0-fb9d-4e63-8bc3-39e00c76a6b2?aid=01M11BVV4QWMAZWM9957CHTH1J&mid=lIof
2Ysx77a,Anagram Beveled Acetate Rectangle Sunglasses,Sunglasses,LOEWE,Rectangle,34320.0,100,https://cdn.trychannel3.com/f1e0010c-a4a1-4127-af33-9745a99225ff?aid=01M11BV6T7W6NWG5K6JS2H0NRR&mid=f2i1
5WpYIL1,Oversized Ladies Sunglasses,Sunglasses,Gucci,Oversized,34320.0,100,https://cdn.trychannel3.com/8a02b6b7-53cd-48af-88fa-64fdeb775cfa?aid=01M11BTKZCV6DDXSBTPB833W5S&mid=IXIa
ilGqD8l,Meadow 47mm Round Sunglasses,Sunglasses,Burberry,Round,34320.0,100,https://cdn.trychannel3.com/ilGqD8l-asdf?aid=01M11BTXJZMJ73J0P0AAPEMPY7&mid=asdf
tJbzkLU,Round Men's Sunglasses,Sunglasses,Unknown,Round,34320.0,100,https://cdn.trychannel3.com/tJbzkLU?aid=01M11BSG0KZ1SED51JDYX3ZYT6&mid=IXIa
969Hwa7,Phantos Optical Glasses,Eyeglasses,Burberry,Other,34320.0,100,https://cdn.trychannel3.com/969Hwa7?aid=01M11BRBCEMX00PSSC7EK2PE7W&mid=asdf
hardNZQ,Geometric Sunglasses,Sunglasses,JW Anderson,Geometric,34320.0,100,https://cdn.trychannel3.com/91f0b3a8-9b9c-4b7b-969f-296445319cfc?aid=01M11BVV4QWMAZWM9957CHTH1J&mid=saTY
EQyKBUX,VE1307 Glasses,Eyeglasses,Versace,Aviator,34760.0,100,https://cdn.trychannel3.com/a8519a0e-2e3f-43a2-91e1-39e96c1f9529?aid=01M11BSNK6G8XSQQPC0TEWT84J&mid=gErQ
pdA6Slm,Square Optical Glasses,Eyeglasses,Persol,Aviator,34760.0,100,https://cdn.trychannel3.com/pdA6Slm?aid=01M11BSNK6G8XSQQPC0TEWT84J&mid=asdf
dbRIBw8,The Sam Sunglasses,Sunglasses,Orlebar Brown,Other,34760.0,100,https://cdn.trychannel3.com/0d840aa0-cd85-445e-86b6-e4558bccac95?aid=01M11BS3FXXC8EQ4KP1915G608&mid=P4aK
XRHTuaz,Ferragamo Sunglasses,Sunglasses,Salvatore Ferragamo,Other,34760.0,100,https://cdn.trychannel3.com/66f20bf1-9aec-41f1-bc53-0d64584f8e73?aid=01M11BS1SX7E0ZE114BNEJZEYX&mid=f2i1
D1aMCMh,Square-Frame Glasses,Eyeglasses,Yves Saint Laurent,Square,34848.0,100,https://cdn.trychannel3.com/D1aMCMh?aid=01M11BSM1G66BHXZPN2FP1F2NG&mid=NuBr
jk8qQ7d,GG1897SK Sunglasses,Sunglasses,Gucci,Other,35904.0,100,https://cdn.trychannel3.com/80a1b9a0-7958-4de4-be57-236764345c31?aid=01M11BS3FXXC8EQ4KP1915G608&mid=7yx8
MtAO6e0,Demo Oval Ladies Eyeglasses,Eyeglasses,Pucci,Cat Eye,35992.0,100,https://cdn.trychannel3.com/MtAO6e0?aid=01M11BT1GR487Q5WC7FGTWJMSD&mid=IXIa
48PFB8I,Geometric Eyeglasses,Eyeglasses,Chloé,Other,36168.0,100,https://cdn.trychannel3.com/48PFB8I?aid=01M11BRBCEMX00PSSC7EK2PE7W&mid=7yx8
bgrSjPZ,Ferragamo Sunglasses - Men,Sunglasses,Salvatore Ferragamo,Other,36520.0,100,https://cdn.trychannel3.com/382e76de-9202-44ca-ae54-a22b2f4454a1?aid=01M11BS1SX7E0ZE114BNEJZEYX&mid=0YhI
fSqSZtc,SL M137 AMELIA,Sunglasses,Yves Saint Laurent,Aviator,36784.0,100,https://cdn.trychannel3.com/89c7b110-41f4-4252-907f-0e854453c4c5?aid=01M11BSYQCHVKQYA2XNYMD9MW3&mid=7yx8
OYqnjU6,William Oversized Sunglasses,Sunglasses,Tom Ford,Aviator,36960.0,100,https://cdn.trychannel3.com/6a68f1be-2a66-4371-a6fe-ddc389a1d917?aid=01M11BVXWZDW17N8GEAJD132T1&mid=NLmP
U5E9UQs,TF1162TD 6015 Eyeglasses,Eyeglasses,Tiffany & Co.,Other,37312.0,100,https://cdn.trychannel3.com/40a41a43-8c1b-4fb0-b906-d410b2ac194f?aid=01M11BT1GR487Q5WC7FGTWJMSD&mid=ZG9E
52cEz2U,Gg1854s Round Sunglasses,Sunglasses,Gucci,Round,37664.0,100,https://cdn.trychannel3.com/e151c65b-22fc-4dcf-ab0c-ce8ff781e8fe?aid=01M11BSG0KZ1SED51JDYX3ZYT6&mid=7yx8
CcKlA5V,Oversized Sunglasses,Sunglasses,ALAÏA PARIS,Oversized,37934.16,100,https://cdn.trychannel3.com/a960ac85-1fb7-4ff4-bc35-6b808695eb81?aid=01M11BTKZCV6DDXSBTPB833W5S&mid=sBqr
R7NTK51,Cat Eye Sunglasses,Sunglasses,FLASK,Cat Eye,38104.0,100,https://cdn.trychannel3.com/b5c6caeb-0739-488b-9fae-3d1954aeae78?aid=01M11BVGEGJNJM37HW7CH6YRYP&mid=asdf
ZH6k8he,Jocelyn Round Glasses,Eyeglasses,Barton Perreira,Cat Eye,38280.0,100,https://cdn.trychannel3.com/edfd1b87-66c1-4c0a-9584-f47f969bdbbb?aid=01M11BT39NDDG1K2VYKQ94AK5Q&mid=yxSS
6JHrCqn,Aviator-Frame Sunglasses,Sunglasses,Tom Ford,Aviator,38369.76,100,https://cdn.trychannel3.com/ef71f45f-ba18-434d-9ad2-4f362c1529a7?aid=01M11BSB0Y5XBPX12GTTXWK0AR&mid=5MLj
M66ofT6,Sunglasses,Sunglasses,Valentino Garavani,Cat Eye,38551.92,100,https://cdn.trychannel3.com/42105975-9149-45d9-93ce-ccbcbac822da?aid=01M11BR4KFKJCEKWZW9T913FM4&mid=sBqr
o15pxuC,Oversized Sunglasses,Sunglasses,Gucci,Oversized,39160.0,100,https://cdn.trychannel3.com/2e779d92-b70a-4d46-9c35-e6774a11824f?aid=01M11BVZFQ8CDJ55YMJQPG8PQN&mid=DO3T
K8CTYDq,Oval sunglasses,Sunglasses,Magda Butrym,Oval,39160.0,100,https://cdn.trychannel3.com/6d7f292f-d7db-4f84-934a-f0c3e4c685fd?aid=01M11BVDG61533RD7HP9ZHZG57&mid=ih2U
zTXxYe8,Oval sunglasses,Sunglasses,Magda Butrym,Aviator,39160.0,100,https://cdn.trychannel3.com/9479aa4d-2708-4453-8361-5cb5dceb7bee?aid=01M11BVDG61533RD7HP9ZHZG57&mid=ih2U
nGBX4vh,Geometric Sunglasses,Sunglasses,Zegna,Geometric,39160.0,100,https://cdn.trychannel3.com/dfd76e30-9e2a-4a4e-b8af-15b1b3d24dd7?aid=01M11BVV4QWMAZWM9957CHTH1J&mid=7DeM
ykht2IZ,Round Reading Glasses,Eyeglasses,CELINE,Round,39600.0,100,https://cdn.trychannel3.com/4bfcad89-71c7-4635-9b48-c5746aec38bc?aid=01M11BTAWRHDCSZDATXF080N6Q&mid=asdf
fTwZIcQ,VE1305 Eyeglasses,Eyeglasses,Versace,Other,39600.0,100,https://cdn.trychannel3.com/e7a51eb1-3fc1-44e5-93a3-d32d46c32fb4?aid=01M11BR9MV1Z9N2MS03M5TXQN9&mid=Roew
yk37GfS,Voyager sunglasses,Sunglasses,Toteme,Other,39600.0,100,https://cdn.trychannel3.com/cfc9cef9-0948-43a4-86bc-c0595648f7bf?aid=01M11BR4KFKJCEKWZW9T913FM4&mid=0dBf
qgXOYZp,Cat-Eye Frame Sunglasses,Sunglasses,Fendi,Cat Eye,39783.04,100,https://cdn.trychannel3.com/a3bc4322-fada-40f9-b261-1797a9882238?aid=01M11BT68EET3WVTHRWMC11Y77&mid=5MLj
zDq7B4d,Geometric Sunglasses,Sunglasses,ALAÏA PARIS,Rectangle,40040.0,100,https://cdn.trychannel3.com/a33fe106-dec0-40bb-a224-6eba2589dee9?aid=01M11BVV4QWMAZWM9957CHTH1J&mid=e6W9
wgzadc6,Slim Geometric Sunglasses,Sunglasses,Alexander McQueen,Aviator,40392.0,100,https://cdn.trychannel3.com/7974718f-fb07-402a-97d1-a318772320ee?aid=01M11BVSGMQS64XQC9V0C65NV6&mid=pjoz
IQp1uVz,Round-Frame Acetate Glasses,Eyeglasses,Miu Miu,Aviator,40480.0,100,https://cdn.trychannel3.com/164f06da-ad96-49df-be7d-dad455926b47?aid=01M11BTCPBGXAG4MQ1TC78C3HK&mid=se88
S3ptVDj,round sunglasses,Sunglasses,Magda Butrym,Round,40920.0,100,https://cdn.trychannel3.com/0bb9e114-88e3-4f73-a614-bac911aa9eb0?aid=01M11BTZA1GK1ZGZSDSXHYR3B5&mid=ih2U
vIO4dZY,Round sunglasses,Sunglasses,Magda Butrym,Round,40920.0,100,https://cdn.trychannel3.com/62377fee-d4f6-4882-bd9e-c58cedd29602?aid=01M11BTZA1GK1ZGZSDSXHYR3B5&mid=ih2U
pUzfqAc,Cat Eye Ladies Sunglasses,Sunglasses,Balenciaga,Cat Eye,40920.0,100,https://cdn.trychannel3.com/5fb7fc5e-bbf0-468b-ae41-af0e57e441d3?aid=01M11BT8274GQM3Z2Q4KAQKY59&mid=sS4g
lX7mpsf,Heritage Hobnail Acetate Round Frame Sunglasses,Sunglasses,Alfred Dunhill,Round,41360.0,100,https://cdn.trychannel3.com/ffeea7fa-39d7-4eda-9c8d-7edef13ec368?aid=01M11BSHD1Q26AFWZR9P4FHVNP&mid=efqG
ymaIeda,Geometric Sunglasses,Sunglasses,Bvlgari,Geometric,41360.0,100,https://cdn.trychannel3.com/c089fb96-2bd9-413e-a76c-3a9562c0d144?aid=01M11BVSGMQS64XQC9V0C65NV6&mid=e6W9
Q43aVi7,GG1799S Sunglasses,Sunglasses,Gucci,Other,41624.0,100,https://cdn.trychannel3.com/01037ba3-7842-4bbf-ae74-dedb3a44c190?aid=01M11BS3FXXC8EQ4KP1915G608&mid=gErQ
2clFHEl,oversized-frame sunglasses,Sunglasses,Linda Farrow,Cat Eye,41624.0,100,https://cdn.trychannel3.com/2clFHEl?aid=01M11BTKZCV6DDXSBTPB833W5S&mid=NuBr
d4cJPsg,Wabi Sabi Prescription Glasses,Eyeglasses,Caddis,Other,41800.0,100,https://cdn.trychannel3.com/d4cJPsg?aid=01M11BREY5PBZPK1DTKFRPF4VH&mid=4ZRx
WYMBaf1,Wabi Sabi | Prescription Glasses,Eyeglasses,Caddis,Other,41800.0,100,https://cdn.trychannel3.com/WYMBaf1?aid=01M11BREY5PBZPK1DTKFRPF4VH&mid=4ZRx
Rcqpjmr,MB0359O,Eyeglasses,Mont Blanc,Other,41888.0,100,https://cdn.trychannel3.com/ad4df77f-bef3-4f1f-8423-6e64c87abfbb?aid=01M11BS84FEGSJSR7EAG9RH7F0&mid=gErQ
Qxs9Eu6,TF5909-B Blue Light Glasses,Eyeglasses,Tom Ford,Cat Eye,42240.0,100,https://cdn.trychannel3.com/8fd6b08e-9990-43a8-a9c2-57233290d53f?aid=01M11BRT3F8230HENY69FX2E82&mid=f2i1
htrzEi9,Azzedine Oversized Frame Sunglasses,Sunglasses,ALAÏA PARIS,Cat Eye,42416.0,100,https://cdn.trychannel3.com/50e549a9-1a5f-49d2-ae95-9bd3915bde95?aid=01M11BVXWZDW17N8GEAJD132T1&mid=NuBr
TpTAjFt,Rectangle Optical Glasses,Eyeglasses,Tom Ford,Other,42680.0,100,https://cdn.trychannel3.com/TpTAjFt?aid=01M11BSSZEACWDNDBJABSYNJR1&mid=asdf
7wZh0Lj,Round Acetate Sunglasses,Sunglasses,Unknown,Round,43120.0,100,https://cdn.trychannel3.com/d76af4aa-7607-4814-a2eb-489afab02f70?aid=01M11BSG0KZ1SED51JDYX3ZYT6&mid=e6W9
rslkaeM,EZ0278 Sunglasses,Sunglasses,Zegna,Aviator,43120.0,100,https://cdn.trychannel3.com/V7JrFEe?aid=01M11BS1SX7E0ZE114BNEJZEYX&mid=f2i1
JiKahhy,Square Sunglasses,Sunglasses,Balenciaga,Square,43120.0,100,https://cdn.trychannel3.com/c860e050-3f48-4ee4-8e91-45bd570e65a1?aid=01M11BV3TN1ARSW7EQ1YQYA71F&mid=lIof
SSIf1vO,Prisma 791641 - Men Optical Glasses,Eyeglasses,Salvatore Ferragamo,Other,43120.0,100,https://cdn.trychannel3.com/14027a9f-6e3b-4b6e-9e29-76681bd0a1b6?aid=01M11BSNK6G8XSQQPC0TEWT84J&mid=0YhI
9mfmRwl,Round Sunglasses,Sunglasses,Yves Saint Laurent,Round,43560.0,100,https://cdn.trychannel3.com/f5f03466-9438-478d-b8ff-8e99fb945d7d?aid=01M11BTXJZMJ73J0P0AAPEMPY7&mid=lMuW
0ieX2Ry,Cat-Eye Sunglasses,Sunglasses,Miu Miu,Cat Eye,43560.0,100,https://cdn.trychannel3.com/a795eb08-a1ab-4063-a857-03cf2b3ffe8b?aid=01M11BT8274GQM3Z2Q4KAQKY59&mid=NLmP
bnZQtt7,Aviator Sunglasses,Sunglasses,Gucci,Aviator,43560.0,100,https://cdn.trychannel3.com/a58aa4c0-caa6-49f5-9b97-e4049cfec9dc?aid=01M11BTTQ6AGW69JN363BEYD9X&mid=Mpos
I0tfrlz,Eiger,Eyeglasses,Barton Perreira,Other,44000.0,100,https://cdn.trychannel3.com/2f4fab91-5165-4a01-82ad-49f624c94602?aid=01M11BS84FEGSJSR7EAG9RH7F0&mid=yxSS
yAu48Z7,Oversized Sunglasses,Sunglasses,Dolce & Gabbana,Oversized,44616.0,100,https://cdn.trychannel3.com/c5e70700-b4ef-464c-9d5f-d577583b3831?aid=01M11BTNCGRD82TPBV5JXEJV7E&mid=DO3T
rgRr9eV,EZ5324 Eyeglasses,Eyeglasses,Unknown,Other,44880.0,100,https://cdn.trychannel3.com/f48afb26-d27a-497a-b05f-9058b9a2e9b0?aid=01M11BS6BVM15Z7W0WQ66BKBYY&mid=YZfD
ahsnVtR,Rectangle Sunglasses,Sunglasses,CELINE,Rectangle,44880.0,100,https://cdn.trychannel3.com/7399a8b3-8a0b-4a45-ab6c-a9761e8380ad?aid=01M11BV8M566P5VH2FK9329FKG&mid=e6W9
4iaztrB,Rectangle Optical Glasses,Eyeglasses,Prada,Rectangle,45584.0,100,https://cdn.trychannel3.com/4iaztrB?aid=01M11BSR8SWWC3VFNYM83JVD4T&mid=asdf
0iZXFkD,Geometric Sunglasses,Sunglasses,Miu Miu,Aviator,45584.0,100,https://cdn.trychannel3.com/069b2c84-3b21-4891-9ae7-742d410beeb3?aid=01M11BSWX4C2F6BP3DZ3CNF2W2&mid=7yx8
Vaq9U1n,Geometric-Frame Sunglasses,Sunglasses,Tom Ford,Geometric,46640.0,100,https://cdn.trychannel3.com/Vaq9U1n?aid=01M11BVV4QWMAZWM9957CHTH1J&mid=NuBr
rNNNFBr,Sunglasses,Sunglasses,Oliver Peoples,Cat Eye,47520.0,100,https://cdn.trychannel3.com/rNNNFBr-Rteo?aid=01M11BSHD1Q26AFWZR9P4FHVNP&mid=sS4g
vy7eRTY,Venus Oversized Sunglasses,Sunglasses,Linda Farrow,Oversized,47520.0,100,https://cdn.trychannel3.com/fe13cffb-c57d-4524-ab73-9aa921167935?aid=01M11BVXWZDW17N8GEAJD132T1&mid=Zlra
U2bQjGb,optical glasses,Eyeglasses,Ralph Lauren,Aviator,48224.0,100,https://cdn.trychannel3.com/0bdc57c6-1f62-4a14-84af-f4f8cffb2d21?aid=01M11BSM1G66BHXZPN2FP1F2NG&mid=asdf
mzCG3ma,Butterfly Blue Light Glasses,Eyeglasses,Chanel,Other,48840.0,100,https://cdn.trychannel3.com/1db46754-9efe-4eaa-ad45-cb12c3af884a?aid=01M11BRRBYDXKF9H1BDHPE7JWA&mid=IM68
FEqV7Yo,Bossy Round Sunglasses,Sunglasses,Balenciaga,Aviator,49280.0,100,https://cdn.trychannel3.com/417d031d-0f05-4610-8dd0-c73b63a5a860?aid=01M11BTZA1GK1ZGZSDSXHYR3B5&mid=lMuW
EIblGDJ,Fendi FF Diamonds FE40178U Women Black Cat Eye Sunglasses,Sunglasses,Fendi,Cat Eye,50160.0,100,https://cdn.trychannel3.com/db277d82-7cd9-4e51-95a2-470379736651?aid=01M11BT68EET3WVTHRWMC11Y77&mid=7yx8
f5TheUD,1387 Square Sunglasses,Sunglasses,Cutler and Gross,Square,50160.0,100,https://cdn.trychannel3.com/05bf142e-cb8a-4dab-adae-8ac404e5b1f9?aid=01M11BV20P1TCNEDBEBP1371S8&mid=pWEG
3uD08Sg,Astrid Oversized Sunglasses,Sunglasses,Linda Farrow,Oversized,50160.0,100,https://cdn.trychannel3.com/01KQEET6CSJ16YMY647M2VP0XN?aid=01M11BVZFQ8CDJ55YMJQPG8PQN&mid=Zlra
WkElcAn,Astrid Oversized Sunglasses,Sunglasses,Linda Farrow,Oversized,50160.0,100,https://cdn.trychannel3.com/59296372-f33f-4db4-8261-bcabfbfc503c?aid=01M11BVZFQ8CDJ55YMJQPG8PQN&mid=Zlra
DP4mGiY,Cat-eye sunglasses,Sunglasses,Gucci,Cat Eye,50600.0,100,https://cdn.trychannel3.com/37563c0e-2269-4aa2-b717-55a5c5983f22?aid=01M11BVJ1PFMQMD5V55VXX9ADS&mid=dh7E
Mewb6bx,Butterfly Eyeglasses,Eyeglasses,Chanel,Cat Eye,51040.0,100,https://cdn.trychannel3.com/da11118e-6f0c-4282-a968-2f6641b174da?aid=01M11BR9MV1Z9N2MS03M5TXQN9&mid=IM68
u1AW1aG,Men’s Pillow Glasses,Eyeglasses,Armani,Other,51392.0,100,https://cdn.trychannel3.com/a53bcc7e-8114-4fa9-9eae-961aba80eec2?aid=01M11BSNK6G8XSQQPC0TEWT84J&mid=D8bR
9t5oBFn,Cat Eye Ladies Sunglasses,Sunglasses,Balenciaga,Cat Eye,53240.0,100,https://cdn.trychannel3.com/754aa980-cffb-4420-834e-a30894f65798?aid=01M11BT8274GQM3Z2Q4KAQKY59&mid=sS4g
ySwyD3j,Icon Cat-Eye Sunglasses in Havana Brown,Sunglasses,Tom Ford,Cat Eye,54120.0,100,https://cdn.trychannel3.com/18cd5312-07cb-4aff-a83b-55ce7875b6fe?aid=01M11BT8274GQM3Z2Q4KAQKY59&mid=iPOD
Ai1yqsj,ANATOMY - 509,Eyeglasses,THIERRY LASRY,Rectangle,54120.0,100,https://cdn.trychannel3.com/7046f446-7856-4b4d-a8aa-d7b1b99b101d?aid=01M11BRGTFV3G6KW5PRZ0M6WVX&mid=VZ49
iFcZ6de,Wailua Oversized Sunglasses,Sunglasses,Barton Perreira,Oversized,55440.0,100,https://cdn.trychannel3.com/iFcZ6de?aid=01M11BVXWZDW17N8GEAJD132T1&mid=yxSS
7EUWxgB,Oversized Ladies Sunglasses,Sunglasses,Gucci,Other,56760.0,100,https://cdn.trychannel3.com/6df4e0b1-bb99-4561-8820-0abdc93e9ea7?aid=01M11BTKZCV6DDXSBTPB833W5S&mid=IXIa
XYhJ2HA,1398 Square Sunglasses,Sunglasses,Cutler and Gross,Square,57640.0,100,https://cdn.trychannel3.com/3633b839-8534-4f76-ab79-1d60525148ad?aid=01M11BV20P1TCNEDBEBP1371S8&mid=pWEG
jeKDz38,1416 Square Opticals,Eyeglasses,Cutler and Gross,Other,58960.0,100,https://cdn.trychannel3.com/cef87e48-8b95-4f3e-b917-7170b78d8171?aid=01M11BSNK6G8XSQQPC0TEWT84J&mid=pWEG
NBG3tMz,1403 Square Sunglasses,Sunglasses,Cutler and Gross,Square,58960.0,100,https://cdn.trychannel3.com/58fabbec-8992-40d7-ae92-fedf466fe75a?aid=01M11BV20P1TCNEDBEBP1371S8&mid=pWEG
2EDuYOe,Mykita Esbo round-frame sunglasses,Sunglasses,Mykita,Round,59928.0,100,https://cdn.trychannel3.com/04dab8f1-0a6a-4795-8149-34268df26ede?aid=01M11BSHD1Q26AFWZR9P4FHVNP&mid=NuBr
1CQnVO4,Icon Collection Sunglasses,Sunglasses,Tom Ford,Other,63800.0,100,https://cdn.trychannel3.com/797378d1-cf30-4098-8c9d-708786316677?aid=01M11BS1SX7E0ZE114BNEJZEYX&mid=e6W9
ofgcw8n,Small Round Sunglasses,Sunglasses,Tom Ford,Round,63800.0,100,https://cdn.trychannel3.com/ofgcw8n?aid=01M11BTZA1GK1ZGZSDSXHYR3B5&mid=asdf
eN3kIpc,Unisex Oval Sunglasses,Sunglasses,Armani,Oval,74800.0,100,https://cdn.trychannel3.com/64520b7c-90a5-49e7-a4d7-6a8b74dbf03c?aid=01M11BVDG61533RD7HP9ZHZG57&mid=D8bR
RpxylNd,Hina Square Sunglasses,Sunglasses,Linda Farrow,Square,76120.0,100,https://cdn.trychannel3.com/29ade82a-15bc-400f-b777-ab1129058ba5?aid=01M11BV3TN1ARSW7EQ1YQYA71F&mid=Zlra
x3eUL66,Oval Sunglasses,Sunglasses,Thomas Brown,Oval,80960.0,100,https://cdn.trychannel3.com/gJ2gMmv?aid=01M11BVDG61533RD7HP9ZHZG57&mid=f2i1
S9bUvjJ,Geometric Sunglasses,Sunglasses,Brunello Cucinelli,Geometric,82104.0,100,https://cdn.trychannel3.com/05716b2c-12a4-4bdb-b8e0-bef40f3b6c87?aid=01M11BVSGMQS64XQC9V0C65NV6&mid=f2i1
YInKO16,Aviator Sunglasses,Sunglasses,ZEELOOL,Aviator,87824.0,100,https://cdn.trychannel3.com/523a853c-78ce-4e1c-8476-d18142189ab5?aid=01M11BSD61BRR0ZZNK6QTF02DN&mid=aeSD
29BLZd4,Rimless Metal Round Sunglasses,Sunglasses,Cartier,Round,135960.0,100,https://cdn.trychannel3.com/5012d53b-dbf8-4e04-a7ae-95ae7a0a6f8f?aid=01M11BSG0KZ1SED51JDYX3ZYT6&mid=f2i1
s0Gg7Nr,Rectangle Blue Light Glasses,Eyeglasses,Chanel,Other,147840.0,100,https://cdn.trychannel3.com/bd02a0d5-68f2-40e5-8c7b-ec9fb101a4e7?aid=01M11BRT3F8230HENY69FX2E82&mid=IM68
